Filepath,Optimistic,CPM,PERT,PERT SD,PERT (99%),BB/2 Mean,BB/2 SD,BB/2 (99%),Lognormal Mean,Lognormal SD,Lognormal (99%),Pessimistic,Sim Min,Sim Mean,Sim SD,Sim Mode,Sim Median,Sim Skewness,Sim 99%,Sim Max,Sim Time (Seconds),a = ml / ,b = ml * ,Activity Distribution,Number of Simulations
Set 3.1 LA (low SP)_EV1,22.0,44,47.667,4.68,62.91,50.111,5.5,63.09,50.054,11.768,65.901,88.0,32.14,51.72,5.506,32.14,51.431,0.272,65.325,77.424,7.656,2.0,2.0,triangular,1000000
Set 3.1 LA (low SP)_EV2,18.0,36,39.0,4.23,51.47,41.0,4.5,51.62,40.954,9.628,53.919,72.0,27.579,44.329,4.65,27.579,44.108,0.247,55.793,65.488,9.444,2.0,2.0,triangular,1000000
Set 3.1 LA (low SP)_EV3,22.5,45,48.75,4.99,64.34,51.25,5.625,64.52,51.192,12.035,67.399,90.0,33.031,53.934,5.497,33.031,53.677,0.256,67.516,80.846,4.633,2.0,2.0,triangular,1000000
Set 3.1 LA (low SP)_EV4,19.5,39,42.25,4.49,55.76,44.417,4.875,55.92,44.366,10.43,58.412,78.0,30.483,49.233,4.552,30.483,49.105,0.152,60.207,70.363,6.984,2.0,2.0,triangular,1000000
Set 3.1 LA (low SP)_EV5,21.0,42,45.5,4.34,60.05,47.833,5.25,60.22,47.779,11.233,62.905,84.0,30.216,52.211,4.658,30.216,52.085,0.158,63.5,75.667,9.322,2.0,2.0,triangular,1000000
Set 3.1 LA (low SP)_EV6,20.0,40,43.333,4.33,57.19,45.556,5.0,57.36,45.504,10.698,59.91,80.0,30.752,49.689,4.753,30.752,49.542,0.167,61.143,70.642,8.366,2.0,2.0,triangular,1000000
Set 3.1 LA (low SP)_EV7,20.5,41,44.417,4.48,58.62,46.694,5.125,58.79,46.642,10.965,61.408,82.0,31.807,49.817,4.948,31.807,49.6,0.231,61.973,73.625,6.813,2.0,2.0,triangular,1000000
Set 3.1 LA (low SP)_EV8,22.5,45,48.75,5.06,64.34,51.25,5.625,64.52,51.192,12.035,67.399,90.0,32.186,54.492,5.654,32.186,54.273,0.209,68.326,81.256,4.268,2.0,2.0,triangular,1000000
Set 3.1 LA (low SP)_EV9,20.5,41,44.417,4.6,58.62,46.694,5.125,58.79,46.642,10.965,61.408,82.0,32.193,50.409,5.026,32.193,50.207,0.204,62.642,74.099,7.129,2.0,2.0,triangular,1000000
Set 3.1 LA (low SP)_EV10,22.0,44,47.667,4.89,62.91,50.111,5.5,63.09,50.054,11.768,65.901,88.0,34.088,54.684,5.251,34.088,54.521,0.167,67.333,80.419,6.864,2.0,2.0,triangular,1000000
Set 3.1 LA (low SP)_EV11,18.5,37,40.083,3.9,52.9,42.139,4.625,53.05,42.091,9.896,55.417,74.0,29.064,44.932,4.478,29.064,44.786,0.174,55.726,65.222,7.755,2.0,2.0,triangular,1000000
Set 3.1 LA (low SP)_EV12,20.0,40,43.333,4.65,57.19,45.556,5.0,57.36,45.504,10.698,59.91,80.0,30.668,48.64,5.034,30.668,48.405,0.257,61.133,72.074,6.594,2.0,2.0,triangular,1000000
Set 3.1 LA (low SP)_EV13,21.0,42,45.5,4.49,60.05,47.833,5.25,60.22,47.779,11.233,62.905,84.0,33.649,52.975,4.857,33.649,52.818,0.171,64.695,74.618,9.336,2.0,2.0,triangular,1000000
Set 3.1 LA (low SP)_EV14,22.5,45,48.75,4.74,64.34,51.25,5.625,64.52,51.192,12.035,67.399,90.0,31.126,52.615,5.811,31.126,52.439,0.171,66.61,81.09,8.179,2.0,2.0,triangular,1000000
Set 3.1 LA (low SP)_EV15,22.0,44,47.667,4.65,62.91,50.111,5.5,63.09,50.054,11.768,65.901,88.0,32.941,52.359,5.455,32.941,52.172,0.19,65.618,77.671,6.384,2.0,2.0,triangular,1000000
Set 3.1 LA (low SP)_EV16,21.0,42,45.5,4.49,60.05,47.833,5.25,60.22,47.779,11.233,62.905,84.0,34.004,52.263,4.634,34.004,52.106,0.186,63.543,75.465,8.479,2.0,2.0,triangular,1000000
Set 3.1 LA (low SP)_EV17,20.0,40,43.333,4.54,57.19,45.556,5.0,57.36,45.504,10.698,59.91,80.0,34.055,51.299,4.558,34.055,51.139,0.19,62.414,75.149,6.937,2.0,2.0,triangular,1000000
Set 3.1 LA (low SP)_EV18,20.5,41,44.417,4.63,58.62,46.694,5.125,58.79,46.642,10.965,61.408,82.0,33.775,52.529,4.918,33.775,52.411,0.124,64.228,73.432,8.435,2.0,2.0,triangular,1000000
Set 3.1 LA (low SP)_EV19,20.5,41,44.417,4.41,58.62,46.694,5.125,58.79,46.642,10.965,61.408,82.0,29.525,49.052,4.94,29.525,48.786,0.274,61.362,74.538,7.266,2.0,2.0,triangular,1000000
Set 3.1 LA (low SP)_EV20,21.0,42,45.5,4.39,60.05,47.833,5.25,60.22,47.779,11.233,62.905,84.0,31.708,50.293,4.908,31.708,50.078,0.235,62.412,74.584,12.003,2.0,2.0,triangular,1000000
Set 3.1 LA (low SP)_EV21,21.0,42,45.5,4.34,60.05,47.833,5.25,60.22,47.779,11.233,62.905,84.0,32.62,51.832,5.06,32.62,51.652,0.199,64.152,78.288,5.682,2.0,2.0,triangular,1000000
Set 3.1 LA (low SP)_EV22,17.5,35,37.917,4.02,50.04,39.861,4.375,50.19,39.816,9.361,52.421,70.0,28.773,44.091,4.003,28.773,43.914,0.233,54.011,64.336,7.365,2.0,2.0,triangular,1000000
Set 3.1 LA (low SP)_EV23,21.0,42,45.5,4.49,60.05,47.833,5.25,60.22,47.779,11.233,62.905,84.0,35.121,53.425,4.639,35.121,53.26,0.183,64.711,75.127,9.182,2.0,2.0,triangular,1000000
Set 3.1 LA (low SP)_EV24,22.5,45,48.75,4.64,64.34,51.25,5.625,64.52,51.192,12.035,67.399,90.0,30.957,52.858,5.654,30.957,52.715,0.14,66.385,79.919,4.984,2.0,2.0,triangular,1000000
Set 3.1 LA (low SP)_EV25,20.5,41,44.417,4.41,58.62,46.694,5.125,58.79,46.642,10.965,61.408,82.0,30.204,50.351,4.881,30.204,50.201,0.174,62.155,72.993,9.271,2.0,2.0,triangular,1000000
Set 3.1 LA (low SP)_EV26,22.0,44,47.667,4.96,62.91,50.111,5.5,63.09,50.054,11.768,65.901,88.0,33.757,53.433,5.323,33.757,53.173,0.259,66.666,78.124,6.866,2.0,2.0,triangular,1000000
Set 3.1 LA (low SP)_EV27,10.5,21,22.75,3.29,30.02,23.917,2.625,30.11,23.89,5.616,31.453,42.0,16.686,27.016,2.79,16.686,26.834,0.389,34.393,40.976,7.184,2.0,2.0,triangular,1000000
Set 3.1 LA (low SP)_EV28,18.5,37,40.083,4.67,52.9,42.139,4.625,53.05,42.091,9.896,55.417,74.0,29.746,46.101,4.54,29.746,45.796,0.352,57.705,69.674,7.36,2.0,2.0,triangular,1000000
Set 3.1 LA (low SP)_EV29,21.0,42,45.5,4.44,60.05,47.833,5.25,60.22,47.779,11.233,62.905,84.0,33.883,51.115,4.757,33.883,50.917,0.234,62.897,74.391,9.877,2.0,2.0,triangular,1000000
Set 3.1 LA (low SP)_EV30,21.5,43,46.583,4.68,61.48,48.972,5.375,61.66,48.917,11.5,64.403,86.0,35.032,53.776,5.165,35.032,53.653,0.13,66.083,77.644,8.298,2.0,2.0,triangular,1000000
Set 3.1 LA (low SP)_EV31,21.0,42,45.5,4.64,60.05,47.833,5.25,60.22,47.779,11.233,62.905,84.0,32.701,51.793,5.064,32.701,51.617,0.181,64.073,76.892,10.468,2.0,2.0,triangular,1000000
Set 3.1 LA (low SP)_EV32,22.5,45,48.75,4.79,64.34,51.25,5.625,64.52,51.192,12.035,67.399,90.0,36.17,55.813,5.197,36.17,55.646,0.173,68.367,79.928,14.971,2.0,2.0,triangular,1000000
Set 3.1 LA (low SP)_EV33,23.5,47,50.917,4.99,67.2,53.528,5.875,67.39,53.467,12.57,70.394,94.0,33.523,55.579,5.693,33.523,55.309,0.26,69.786,84.227,10.717,2.0,2.0,triangular,1000000
Set 3.1 LA (low SP)_EV34,27.0,54,58.5,5.53,77.2,61.5,6.75,77.43,61.431,14.442,80.878,108.0,40.359,64.414,6.37,40.359,64.18,0.199,79.947,95.127,7.791,2.0,2.0,triangular,1000000
Set 3.1 LA (low SP)_EV35,18.0,36,39.0,4.03,51.47,41.0,4.5,51.62,40.954,9.628,53.919,72.0,27.695,44.407,4.296,27.695,44.28,0.164,54.773,64.683,6.081,2.0,2.0,triangular,1000000
Set 3.1 LA (low SP)_EV36,25.5,51,55.25,5.36,72.91,58.083,6.375,73.13,58.018,13.64,76.385,102.0,35.495,60.25,6.464,35.495,60.084,0.14,75.748,90.637,4.875,2.0,2.0,triangular,1000000
Set 3.1 LA (low SP)_EV37,12.5,25,27.083,3.23,35.74,28.472,3.125,35.85,28.44,6.686,37.444,50.0,17.612,30.676,3.301,17.612,30.527,0.25,38.889,46.608,2.772,2.0,2.0,triangular,1000000
Set 3.1 LA (low SP)_EV38,26.0,52,56.333,5.34,74.34,59.222,6.5,74.56,59.155,13.907,77.883,104.0,43.687,64.967,5.695,43.687,64.831,0.133,78.626,92.65,11.203,2.0,2.0,triangular,1000000
Set 3.1 LA (low SP)_EV39,18.5,37,40.083,4.42,52.9,42.139,4.625,53.05,42.091,9.896,55.417,74.0,29.355,45.354,4.679,29.355,45.051,0.325,57.134,67.674,7.833,2.0,2.0,triangular,1000000
Set 3.1 LA (low SP)_EV40,24.0,48,52.0,4.97,68.62,54.667,6.0,68.83,54.605,12.837,71.892,96.0,34.423,57.115,5.872,34.423,56.935,0.173,71.299,84.554,6.234,2.0,2.0,triangular,1000000
Set 3.1 LA (low SP)_EV41,17.5,35,37.917,4.41,50.04,39.861,4.375,50.19,39.816,9.361,52.421,70.0,24.299,41.79,5.076,24.299,41.511,0.276,54.372,64.851,4.915,2.0,2.0,triangular,1000000
Set 3.1 LA (low SP)_EV42,19.0,38,41.167,4.2,54.33,43.278,4.75,54.49,43.229,10.163,56.914,76.0,28.796,45.83,4.701,28.796,45.634,0.22,57.299,69.025,6.615,2.0,2.0,triangular,1000000
Set 3.1 LA (low SP)_EV43,18.0,36,39.0,4.3,51.47,41.0,4.5,51.62,40.954,9.628,53.919,72.0,27.192,43.766,4.953,27.192,43.56,0.223,55.815,66.284,6.625,2.0,2.0,triangular,1000000
Set 3.1 LA (low SP)_EV44,24.0,48,52.0,5.1,68.62,54.667,6.0,68.83,54.605,12.837,71.892,96.0,35.553,57.048,5.867,35.553,56.826,0.208,71.407,85.464,9.141,2.0,2.0,triangular,1000000
Set 3.1 LA (low SP)_EV45,19.0,38,41.167,4.18,54.33,43.278,4.75,54.49,43.229,10.163,56.914,76.0,30.05,45.634,4.337,30.05,45.378,0.339,56.813,67.836,6.494,2.0,2.0,triangular,1000000
Set 3.1 LA (low SP)_EV46,20.0,40,43.333,4.39,57.19,45.556,5.0,57.36,45.504,10.698,59.91,80.0,29.864,47.308,5.046,29.864,47.055,0.263,59.819,70.96,6.196,2.0,2.0,triangular,1000000
Set 3.1 LA (low SP)_EV47,14.0,28,30.333,3.16,40.03,31.889,3.5,40.15,31.853,7.488,41.937,56.0,22.357,35.36,3.422,22.357,35.247,0.169,43.555,50.296,7.597,2.0,2.0,triangular,1000000
Set 3.1 LA (low SP)_EV48,20.5,41,44.417,4.53,58.62,46.694,5.125,58.79,46.642,10.965,61.408,82.0,28.513,48.623,5.492,28.513,48.457,0.167,61.809,75.265,6.442,2.0,2.0,triangular,1000000
Set 3.1 LA (low SP)_EV49,26.5,53,57.417,5.52,75.77,60.361,6.625,76.0,60.293,14.175,79.381,106.0,38.718,63.869,6.397,38.718,63.696,0.153,79.241,92.081,6.805,2.0,2.0,triangular,1000000
Set 3.1 LA (low SP)_EV50,16.5,33,35.75,3.9,47.18,37.583,4.125,47.32,37.541,8.826,49.426,66.0,23.235,40.149,4.329,23.235,39.953,0.221,50.696,59.363,5.857,2.0,2.0,triangular,1000000
Set 3.1 LA (low SP)_EV51,21.5,43,46.583,4.6,61.48,48.972,5.375,61.66,48.917,11.5,64.403,86.0,35.319,53.011,4.934,35.319,52.807,0.214,65.078,76.683,10.421,2.0,2.0,triangular,1000000
Set 3.1 LA (low SP)_EV52,25.5,51,55.25,5.32,72.91,58.083,6.375,73.13,58.018,13.64,76.385,102.0,39.093,61.463,6.14,39.093,61.261,0.174,76.334,93.009,10.27,2.0,2.0,triangular,1000000
Set 3.1 LA (low SP)_EV53,17.5,35,37.917,4.02,50.04,39.861,4.375,50.19,39.816,9.361,52.421,70.0,26.538,43.476,4.315,26.538,43.31,0.207,54.054,64.188,6.057,2.0,2.0,triangular,1000000
Set 3.1 LA (low SP)_EV54,23.5,47,50.917,5.07,67.2,53.528,5.875,67.39,53.467,12.57,70.394,94.0,33.266,55.33,5.996,33.266,55.101,0.215,70.021,84.162,8.728,2.0,2.0,triangular,1000000
Set 3.1 LA (low SP)_EV55,14.5,29,31.417,3.38,41.46,33.028,3.625,41.58,32.99,7.756,43.435,58.0,24.536,38.904,3.655,24.536,38.819,0.123,47.586,54.258,9.031,2.0,2.0,triangular,1000000
Set 3.1 LA (low SP)_EV56,20.5,41,44.417,4.31,58.62,46.694,5.125,58.79,46.642,10.965,61.408,82.0,33.32,51.225,4.531,33.32,51.091,0.162,62.165,73.179,8.341,2.0,2.0,triangular,1000000
Set 3.1 LA (low SP)_EV57,18.5,37,40.083,4.42,52.9,42.139,4.625,53.05,42.091,9.896,55.417,74.0,27.061,45.473,4.683,27.061,45.237,0.266,57.137,68.575,7.526,2.0,2.0,triangular,1000000
Set 3.1 LA (low SP)_EV58,16.0,32,34.667,4.11,45.75,36.444,4.0,45.88,36.403,8.558,47.928,64.0,25.333,40.038,4.094,25.333,39.805,0.29,50.308,58.942,5.581,2.0,2.0,triangular,1000000
Set 3.1 LA (low SP)_EV59,20.5,41,44.417,4.82,58.62,46.694,5.125,58.79,46.642,10.965,61.408,82.0,26.732,48.133,5.789,26.732,47.918,0.208,62.202,77.915,4.696,2.0,2.0,triangular,1000000
Set 3.1 LA (low SP)_EV60,17.5,35,37.917,4.42,50.04,39.861,4.375,50.19,39.816,9.361,52.421,70.0,26.389,43.245,4.652,26.389,43.006,0.262,54.711,65.388,8.662,2.0,2.0,triangular,1000000
Set 3.1 LA (low SP)_EV61,16.0,32,34.667,3.95,45.75,36.444,4.0,45.88,36.403,8.558,47.928,64.0,24.957,39.407,4.034,24.957,39.19,0.277,49.456,58.687,4.26,2.0,2.0,triangular,1000000
Set 3.1 LA (low SP)_EV62,15.5,31,33.583,3.99,44.32,35.306,3.875,44.45,35.266,8.291,46.43,62.0,25.256,38.952,3.823,25.256,38.786,0.253,48.49,57.091,7.098,2.0,2.0,triangular,1000000
Set 3.1 LA (low SP)_EV63,25.0,50,54.167,5.17,71.48,56.944,6.25,71.69,56.88,13.372,74.887,100.0,35.701,59.911,5.869,35.701,59.737,0.172,74.133,87.928,8.013,2.0,2.0,triangular,1000000
Set 3.1 LA (low SP)_EV64,16.0,32,34.667,4.11,45.75,36.444,4.0,45.88,36.403,8.558,47.928,64.0,23.581,39.549,4.101,23.581,39.327,0.29,49.864,59.347,4.213,2.0,2.0,triangular,1000000
Set 3.1 LA (low SP)_EV65,18.0,36,39.0,4.09,51.47,41.0,4.5,51.62,40.954,9.628,53.919,72.0,29.793,45.335,3.981,29.793,45.196,0.198,55.126,65.171,6.165,2.0,2.0,triangular,1000000
Set 3.1 LA (low SP)_EV66,23.5,47,50.917,5.3,67.2,53.528,5.875,67.39,53.467,12.57,70.394,94.0,36.7,57.703,5.998,36.7,57.485,0.203,72.281,86.028,10.603,2.0,2.0,triangular,1000000
Set 3.1 LA (low SP)_EV67,15.5,31,33.583,3.31,44.32,35.306,3.875,44.45,35.266,8.291,46.43,62.0,23.791,37.477,3.606,23.791,37.308,0.24,46.376,54.403,4.877,2.0,2.0,triangular,1000000
Set 3.1 LA (low SP)_EV68,18.5,37,40.083,4.19,52.9,42.139,4.625,53.05,42.091,9.896,55.417,74.0,29.377,46.108,4.7,29.377,45.871,0.255,57.725,66.818,6.499,2.0,2.0,triangular,1000000
Set 3.1 LA (low SP)_EV69,20.5,41,44.417,4.49,58.62,46.694,5.125,58.79,46.642,10.965,61.408,82.0,33.16,50.385,4.755,33.16,50.1,0.305,62.375,73.78,7.816,2.0,2.0,triangular,1000000
Set 3.1 LA (low SP)_EV70,22.0,44,47.667,4.96,62.91,50.111,5.5,63.09,50.054,11.768,65.901,88.0,33.818,54.361,5.569,33.818,54.201,0.158,67.768,80.767,7.457,2.0,2.0,triangular,1000000
Set 3.1 LA (low SP)_EV71,27.0,54,58.5,5.55,77.2,61.5,6.75,77.43,61.431,14.442,80.878,108.0,39.318,64.276,6.514,39.318,64.115,0.146,79.957,94.444,6.056,2.0,2.0,triangular,1000000
Set 3.1 LA (low SP)_EV72,20.5,41,44.417,4.71,58.62,46.694,5.125,58.79,46.642,10.965,61.408,82.0,33.458,52.544,4.761,33.458,52.406,0.158,64.043,74.897,7.943,2.0,2.0,triangular,1000000
Set 3.1 LA (low SP)_EV73,19.5,39,42.25,4.7,55.76,44.417,4.875,55.92,44.366,10.43,58.412,78.0,29.53,48.88,4.728,29.53,48.686,0.225,60.521,71.382,10.923,2.0,2.0,triangular,1000000
Set 3.1 LA (low SP)_EV74,20.5,41,44.417,4.53,58.62,46.694,5.125,58.79,46.642,10.965,61.408,82.0,33.104,50.904,4.804,33.104,50.752,0.174,62.565,74.524,9.582,2.0,2.0,triangular,1000000
Set 3.1 LA (low SP)_EV75,18.5,37,40.083,4.18,52.9,42.139,4.625,53.05,42.091,9.896,55.417,74.0,27.31,44.227,4.682,27.31,44.04,0.217,55.71,66.132,5.282,2.0,2.0,triangular,1000000
Set 3.1 LA (low SP)_EV76,19.0,38,41.167,4.33,54.33,43.278,4.75,54.49,43.229,10.163,56.914,76.0,27.964,46.317,4.965,27.964,46.159,0.17,58.321,69.742,8.473,2.0,2.0,triangular,1000000
Set 3.1 LA (low SP)_EV77,17.0,34,36.833,4.32,48.61,38.722,4.25,48.75,38.678,9.093,50.923,68.0,28.686,44.306,4.221,28.686,44.146,0.203,54.602,63.543,7.881,2.0,2.0,triangular,1000000
Set 3.1 LA (low SP)_EV78,25.0,50,54.167,5.26,71.48,56.944,6.25,71.69,56.88,13.372,74.887,100.0,37.105,59.98,5.971,37.105,59.724,0.229,74.675,89.864,8.168,2.0,2.0,triangular,1000000
Set 3.1 LA (low SP)_EV79,15.0,30,32.5,3.48,42.89,34.167,3.75,43.02,34.128,8.023,44.932,60.0,22.533,36.513,4.1,22.533,36.277,0.269,46.504,54.447,4.86,2.0,2.0,triangular,1000000
Set 3.1 LA (low SP)_EV80,20.5,41,44.417,4.67,58.62,46.694,5.125,58.79,46.642,10.965,61.408,82.0,31.713,50.42,5.316,31.713,50.224,0.198,63.312,76.234,4.476,2.0,2.0,triangular,1000000
Set 3.1 LA (low SP)_EV81,13.5,27,29.25,3.4,38.6,30.75,3.375,38.71,30.715,7.221,40.439,54.0,22.678,34.711,3.032,22.678,34.549,0.291,42.414,49.637,6.01,2.0,2.0,triangular,1000000
Set 3.1 LA (low SP)_EV82,22.5,45,48.75,4.87,64.34,51.25,5.625,64.52,51.192,12.035,67.399,90.0,35.109,54.574,5.313,35.109,54.263,0.3,67.96,80.289,6.157,2.0,2.0,triangular,1000000
Set 3.1 LA (low SP)_EV83,22.5,45,48.75,5.08,64.34,51.25,5.625,64.52,51.192,12.035,67.399,90.0,33.289,53.525,5.74,33.289,53.229,0.268,67.784,81.332,6.176,2.0,2.0,triangular,1000000
Set 3.1 LA (low SP)_EV84,22.5,45,48.75,4.64,64.34,51.25,5.625,64.52,51.192,12.035,67.399,90.0,34.852,54.45,5.186,34.852,54.299,0.163,67.035,79.704,6.66,2.0,2.0,triangular,1000000
Set 3.1 LA (low SP)_EV85,20.5,41,44.417,4.75,58.62,46.694,5.125,58.79,46.642,10.965,61.408,82.0,30.351,50.931,5.088,30.351,50.752,0.189,63.293,75.234,3.973,2.0,2.0,triangular,1000000
Set 3.1 LA (low SP)_EV86,22.5,45,48.75,4.85,64.34,51.25,5.625,64.52,51.192,12.035,67.399,90.0,34.05,54.08,5.518,34.05,53.879,0.206,67.485,80.1,6.195,2.0,2.0,triangular,1000000
Set 3.1 LA (low SP)_EV87,24.0,48,52.0,4.96,68.62,54.667,6.0,68.83,54.605,12.837,71.892,96.0,35.275,56.778,5.967,35.275,56.584,0.177,71.152,87.007,7.669,2.0,2.0,triangular,1000000
Set 3.1 LA (low SP)_EV88,18.5,37,40.083,4.64,52.9,42.139,4.625,53.05,42.091,9.896,55.417,74.0,30.998,47.502,4.573,30.998,47.277,0.263,58.916,71.295,6.095,2.0,2.0,triangular,1000000
Set 3.1 LA (low SP)_EV89,22.0,44,47.667,4.72,62.91,50.111,5.5,63.09,50.054,11.768,65.901,88.0,34.677,54.266,5.415,34.677,54.015,0.24,67.58,83.617,8.379,2.0,2.0,triangular,1000000
Set 3.1 LA (low SP)_EV90,20.0,40,43.333,4.4,57.19,45.556,5.0,57.36,45.504,10.698,59.91,80.0,33.311,50.625,4.607,33.311,50.459,0.184,61.742,72.88,8.38,2.0,2.0,triangular,1000000
Set 3.1 LA (low SP)_EV91,19.5,39,42.25,4.24,55.76,44.417,4.875,55.92,44.366,10.43,58.412,78.0,31.52,48.272,4.601,31.52,48.045,0.251,59.591,69.839,5.675,2.0,2.0,triangular,1000000
Set 3.1 LA (low SP)_EV92,20.5,41,44.417,4.82,58.62,46.694,5.125,58.79,46.642,10.965,61.408,82.0,26.759,48.365,5.71,26.759,48.149,0.21,62.323,76.163,8.28,2.0,2.0,triangular,1000000
Set 3.1 LA (low SP)_EV93,18.5,37,40.083,4.64,52.9,42.139,4.625,53.05,42.091,9.896,55.417,74.0,31.265,47.886,4.537,31.265,47.661,0.257,59.075,70.311,9.234,2.0,2.0,triangular,1000000
Set 3.1 LA (low SP)_EV94,13.5,27,29.25,3.11,38.6,30.75,3.375,38.71,30.715,7.221,40.439,54.0,20.395,32.372,3.321,20.395,32.163,0.32,40.802,48.377,3.415,2.0,2.0,triangular,1000000
Set 3.1 LA (low SP)_EV95,16.0,32,34.667,3.72,45.75,36.444,4.0,45.88,36.403,8.558,47.928,64.0,26.1,41.246,3.832,26.1,41.143,0.145,50.446,59.655,8.539,2.0,2.0,triangular,1000000
Set 3.1 LA (low SP)_EV96,21.0,42,45.5,4.76,60.05,47.833,5.25,60.22,47.779,11.233,62.905,84.0,30.503,50.316,5.439,30.503,50.123,0.195,63.546,75.613,6.31,2.0,2.0,triangular,1000000
Set 3.1 LA (low SP)_EV97,24.0,48,52.0,5.01,68.62,54.667,6.0,68.83,54.605,12.837,71.892,96.0,35.079,56.897,5.678,35.079,56.58,0.283,71.02,83.899,9.344,2.0,2.0,triangular,1000000
Set 3.1 LA (low SP)_EV98,22.0,44,47.667,4.81,62.91,50.111,5.5,63.09,50.054,11.768,65.901,88.0,31.818,53.017,5.336,31.818,52.782,0.239,66.166,78.659,6.615,2.0,2.0,triangular,1000000
Set 3.1 LA (low SP)_EV99,20.5,41,44.417,4.75,58.62,46.694,5.125,58.79,46.642,10.965,61.408,82.0,32.083,50.323,5.134,32.083,50.136,0.204,62.862,74.996,4.812,2.0,2.0,triangular,1000000
Set 3.1 LA (low SP)_EV100,20.0,40,43.333,4.43,57.19,45.556,5.0,57.36,45.504,10.698,59.91,80.0,32.897,50.603,4.578,32.897,50.418,0.202,61.768,71.47,8.355,2.0,2.0,triangular,1000000
Set 3.1 LA (low SP)_EV101,22.0,44,47.667,4.95,62.91,50.111,5.5,63.09,50.054,11.768,65.901,88.0,35.963,55.989,5.284,35.963,55.814,0.179,68.825,80.493,17.7,2.0,2.0,triangular,1000000
Set 3.1 LA (low SP)_EV102,26.0,52,56.333,5.4,74.34,59.222,6.5,74.56,59.155,13.907,77.883,104.0,41.748,63.967,5.857,41.748,63.787,0.173,78.162,90.915,17.445,2.0,2.0,triangular,1000000
Set 3.1 LA (low SP)_EV103,24.0,48,52.0,5.28,68.62,54.667,6.0,68.83,54.605,12.837,71.892,96.0,38.801,60.568,5.514,38.801,60.389,0.178,73.981,87.196,16.911,2.0,2.0,triangular,1000000
Set 3.1 LA (low SP)_EV104,19.5,39,42.25,4.25,55.76,44.417,4.875,55.92,44.366,10.43,58.412,78.0,30.557,49.516,4.415,30.557,49.397,0.141,60.102,71.504,20.998,2.0,2.0,triangular,1000000
Set 3.1 LA (low SP)_EV105,25.0,50,54.167,5.15,71.48,56.944,6.25,71.69,56.88,13.372,74.887,100.0,37.805,59.93,5.714,37.805,59.706,0.22,74.008,87.512,23.99,2.0,2.0,triangular,1000000
Set 3.1 LA (low SP)_EV106,22.5,45,48.75,5.08,64.34,51.25,5.625,64.52,51.192,12.035,67.399,90.0,34.901,54.877,5.444,34.901,54.589,0.281,68.51,80.228,6.726,2.0,2.0,triangular,1000000
Set 3.1 LA (low SP)_EV107,22.0,44,47.667,4.62,62.91,50.111,5.5,63.09,50.054,11.768,65.901,88.0,34.911,54.777,5.039,34.911,54.607,0.173,66.922,78.098,20.807,2.0,2.0,triangular,1000000
Set 3.1 LA (low SP)_EV108,19.5,39,42.25,4.19,55.76,44.417,4.875,55.92,44.366,10.43,58.412,78.0,33.013,49.012,4.209,33.013,48.818,0.233,59.395,68.007,15.181,2.0,2.0,triangular,1000000
Set 3.1 LA (low SP)_EV109,26.0,52,56.333,5.37,74.34,59.222,6.5,74.56,59.155,13.907,77.883,104.0,40.246,63.741,5.823,40.246,63.577,0.166,77.845,91.628,19.138,2.0,2.0,triangular,1000000
Set 3.1 LA (low SP)_EV110,22.0,44,47.667,4.53,62.91,50.111,5.5,63.09,50.054,11.768,65.901,88.0,34.971,54.659,4.826,34.971,54.54,0.14,66.283,77.781,6.594,2.0,2.0,triangular,1000000
Set 3.1 LA (low SP)_EV111,24.5,49,53.083,5.06,70.05,55.806,6.125,70.26,55.742,13.105,73.39,98.0,38.666,59.854,5.73,38.666,59.69,0.166,73.707,87.969,35.441,2.0,2.0,triangular,1000000
Set 3.1 LA (low SP)_EV112,17.5,35,37.917,3.86,50.04,39.861,4.375,50.19,39.816,9.361,52.421,70.0,26.888,42.51,4.295,26.888,42.379,0.168,52.858,62.927,7.078,2.0,2.0,triangular,1000000
Set 3.1 LA (low SP)_EV113,24.0,48,52.0,5.0,68.62,54.667,6.0,68.83,54.605,12.837,71.892,96.0,37.737,59.33,5.407,37.737,59.182,0.16,72.429,85.281,17.123,2.0,2.0,triangular,1000000
Set 3.1 LA (low SP)_EV114,24.5,49,53.083,5.03,70.05,55.806,6.125,70.26,55.742,13.105,73.39,98.0,41.285,62.271,5.143,41.285,62.134,0.152,74.733,87.414,37.324,2.0,2.0,triangular,1000000
Set 3.1 LA (low SP)_EV115,27.0,54,58.5,5.55,77.2,61.5,6.75,77.43,61.431,14.442,80.878,108.0,42.517,66.782,5.937,42.517,66.579,0.188,81.219,94.878,25.694,2.0,2.0,triangular,1000000
Set 3.1 LA (low SP)_EV116,22.0,44,47.667,4.96,62.91,50.111,5.5,63.09,50.054,11.768,65.901,88.0,32.868,52.866,5.372,32.868,52.624,0.258,66.312,80.657,17.756,2.0,2.0,triangular,1000000
Set 3.1 LA (low SP)_EV117,21.5,43,46.583,4.44,61.48,48.972,5.375,61.66,48.917,11.5,64.403,86.0,35.376,53.896,4.877,35.376,53.773,0.146,65.622,77.536,18.321,2.0,2.0,triangular,1000000
Set 3.1 LA (low SP)_EV118,19.5,39,42.25,4.76,55.76,44.417,4.875,55.92,44.366,10.43,58.412,78.0,29.901,48.381,5.185,29.901,48.195,0.191,60.933,72.353,15.928,2.0,2.0,triangular,1000000
Set 3.1 LA (low SP)_EV119,20.5,41,44.417,4.67,58.62,46.694,5.125,58.79,46.642,10.965,61.408,82.0,30.57,50.786,5.098,30.57,50.62,0.17,63.084,73.891,21.969,2.0,2.0,triangular,1000000
Set 3.1 LA (low SP)_EV120,26.5,53,57.417,5.53,75.77,60.361,6.625,76.0,60.293,14.175,79.381,106.0,42.169,65.241,5.984,42.169,65.071,0.158,79.718,96.829,17.884,2.0,2.0,triangular,1000000
Set 3.1 LA (low SP)_EV121,27.0,54,58.5,5.55,77.2,61.5,6.75,77.43,61.431,14.442,80.878,108.0,45.641,67.873,5.868,45.641,67.697,0.166,82.106,97.166,19.9,2.0,2.0,triangular,1000000
Set 3.1 LA (low SP)_EV122,21.0,42,45.5,4.54,60.05,47.833,5.25,60.22,47.779,11.233,62.905,84.0,30.55,50.408,5.282,30.55,50.243,0.17,63.154,75.315,26.985,2.0,2.0,triangular,1000000
Set 3.1 LA (low SP)_EV123,20.0,40,43.333,4.26,57.19,45.556,5.0,57.36,45.504,10.698,59.91,80.0,34.961,51.948,4.226,34.961,51.856,0.122,62.029,71.561,21.679,2.0,2.0,triangular,1000000
Set 3.1 LA (low SP)_EV124,25.5,51,55.25,5.31,72.91,58.083,6.375,73.13,58.018,13.64,76.385,102.0,38.833,61.609,5.966,38.833,61.43,0.167,76.049,90.856,16.129,2.0,2.0,triangular,1000000
Set 3.1 LA (low SP)_EV125,22.0,44,47.667,4.77,62.91,50.111,5.5,63.09,50.054,11.768,65.901,88.0,33.23,53.904,5.106,33.23,53.721,0.198,66.403,78.942,21.951,2.0,2.0,triangular,1000000
Set 3.1 LA (low SP)_EV126,24.5,49,53.083,5.11,70.05,55.806,6.125,70.26,55.742,13.105,73.39,98.0,40.584,61.491,5.469,40.584,61.331,0.156,74.669,88.682,18.765,2.0,2.0,triangular,1000000
Set 3.1 LA (low SP)_EV127,23.0,46,49.833,4.96,65.77,52.389,5.75,65.96,52.33,12.303,68.896,92.0,35.433,55.572,5.453,35.433,55.361,0.207,68.923,82.373,7.635,2.0,2.0,triangular,1000000
Set 3.1 LA (low SP)_EV128,16.5,33,35.75,4.18,47.18,37.583,4.125,47.32,37.541,8.826,49.426,66.0,27.896,43.464,3.997,27.896,43.353,0.149,53.088,63.957,7.188,2.0,2.0,triangular,1000000
Set 3.1 LA (low SP)_EV129,17.5,35,37.917,4.42,50.04,39.861,4.375,50.19,39.816,9.361,52.421,70.0,29.979,45.022,4.196,29.979,44.791,0.279,55.508,64.406,14.902,2.0,2.0,triangular,1000000
Set 3.1 LA (low SP)_EV130,16.5,33,35.75,3.77,47.18,37.583,4.125,47.32,37.541,8.826,49.426,66.0,25.492,40.226,4.037,25.492,40.074,0.202,50.053,59.007,6.782,2.0,2.0,triangular,1000000
Set 3.1 LA (low SP)_EV131,23.5,47,50.917,5.01,67.2,53.528,5.875,67.39,53.467,12.57,70.394,94.0,36.261,57.199,5.623,36.261,56.983,0.212,71.008,85.194,15.678,2.0,2.0,triangular,1000000
Set 3.1 LA (low SP)_EV132,25.5,51,55.25,5.26,72.91,58.083,6.375,73.13,58.018,13.64,76.385,102.0,42.127,64.084,5.695,42.127,63.909,0.169,77.882,92.292,18.473,2.0,2.0,triangular,1000000
Set 3.1 LA (low SP)_EV133,21.5,43,46.583,4.64,61.48,48.972,5.375,61.66,48.917,11.5,64.403,86.0,33.516,52.102,5.157,33.516,51.82,0.284,64.978,78.247,19.978,2.0,2.0,triangular,1000000
Set 3.1 LA (low SP)_EV134,20.0,40,43.333,4.24,57.19,45.556,5.0,57.36,45.504,10.698,59.91,80.0,31.26,49.004,4.837,31.26,48.841,0.175,60.69,72.103,14.159,2.0,2.0,triangular,1000000
Set 3.1 LA (low SP)_EV135,27.0,54,58.5,5.56,77.2,61.5,6.75,77.43,61.431,14.442,80.878,108.0,41.004,65.066,6.454,41.004,64.829,0.203,80.892,97.263,22.515,2.0,2.0,triangular,1000000
Set 3.1 LA (low SP)_EV136,20.0,40,43.333,4.29,57.19,45.556,5.0,57.36,45.504,10.698,59.91,80.0,34.331,51.38,4.354,34.331,51.266,0.145,61.836,71.265,20.565,2.0,2.0,triangular,1000000
Set 3.1 LA (low SP)_EV137,23.0,46,49.833,4.92,65.77,52.389,5.75,65.96,52.33,12.303,68.896,92.0,38.513,57.495,5.159,38.513,57.25,0.247,70.315,81.242,17.743,2.0,2.0,triangular,1000000
Set 3.1 LA (low SP)_EV138,18.0,36,39.0,4.12,51.47,41.0,4.5,51.62,40.954,9.628,53.919,72.0,31.384,47.097,4.289,31.384,46.984,0.132,57.292,66.733,13.426,2.0,2.0,triangular,1000000
Set 3.1 LA (low SP)_EV139,20.0,40,43.333,4.32,57.19,45.556,5.0,57.36,45.504,10.698,59.91,80.0,33.113,51.21,4.678,33.113,51.065,0.154,62.398,72.487,25.372,2.0,2.0,triangular,1000000
Set 3.1 LA (low SP)_EV140,22.0,44,47.667,4.74,62.91,50.111,5.5,63.09,50.054,11.768,65.901,88.0,34.41,55.118,5.26,34.41,54.992,0.13,67.669,78.558,25.354,2.0,2.0,triangular,1000000
Set 3.1 LA (low SP)_EV141,21.0,42,45.5,4.5,60.05,47.833,5.25,60.22,47.779,11.233,62.905,84.0,33.485,51.861,4.78,33.485,51.634,0.246,63.719,73.989,23.649,2.0,2.0,triangular,1000000
Set 3.1 LA (low SP)_EV142,22.0,44,47.667,4.58,62.91,50.111,5.5,63.09,50.054,11.768,65.901,88.0,37.67,56.85,4.414,37.67,56.725,0.165,67.606,79.156,23.767,2.0,2.0,triangular,1000000
Set 3.1 LA (low SP)_EV143,21.5,43,46.583,4.91,61.48,48.972,5.375,61.66,48.917,11.5,64.403,86.0,34.946,53.25,4.969,34.946,53.059,0.217,65.488,78.753,18.76,2.0,2.0,triangular,1000000
Set 3.1 LA (low SP)_EV144,26.0,52,56.333,5.4,74.34,59.222,6.5,74.56,59.155,13.907,77.883,104.0,42.778,64.867,5.77,42.778,64.704,0.154,78.796,92.803,18.861,2.0,2.0,triangular,1000000
Set 3.1 LA (low SP)_EV145,23.0,46,49.833,5.11,65.77,52.389,5.75,65.96,52.33,12.303,68.896,92.0,37.046,57.828,5.519,37.046,57.681,0.146,71.057,83.745,19.175,2.0,2.0,triangular,1000000
Set 3.1 LA (low SP)_EV146,20.5,41,44.417,4.47,58.62,46.694,5.125,58.79,46.642,10.965,61.408,82.0,31.515,49.748,4.946,31.515,49.552,0.212,61.839,73.078,20.432,2.0,2.0,triangular,1000000
Set 3.1 LA (low SP)_EV147,22.5,45,48.75,4.71,64.34,51.25,5.625,64.52,51.192,12.035,67.399,90.0,34.833,55.024,5.169,34.833,54.839,0.192,67.644,80.554,6.988,2.0,2.0,triangular,1000000
Set 3.1 LA (low SP)_EV148,20.5,41,44.417,4.51,58.62,46.694,5.125,58.79,46.642,10.965,61.408,82.0,32.08,51.381,4.957,32.08,51.22,0.183,63.426,74.552,17.872,2.0,2.0,triangular,1000000
Set 3.1 LA (low SP)_EV149,25.5,51,55.25,5.31,72.91,58.083,6.375,73.13,58.018,13.64,76.385,102.0,41.857,63.448,5.653,41.857,63.289,0.159,77.11,91.916,23.316,2.0,2.0,triangular,1000000
Set 3.1 LA (low SP)_EV150,25.0,50,54.167,5.17,71.48,56.944,6.25,71.69,56.88,13.372,74.887,100.0,38.899,61.292,5.695,38.899,61.119,0.168,75.056,88.075,18.183,2.0,2.0,triangular,1000000
Set 3.1 LA (low SP)_EV151,28.5,57,61.75,5.83,81.49,64.917,7.125,81.73,64.843,15.244,85.372,114.0,46.669,70.606,6.339,46.669,70.445,0.148,85.882,101.288,17.379,2.0,2.0,triangular,1000000
Set 3.1 LA (low SP)_EV152,21.0,42,45.5,4.86,60.05,47.833,5.25,60.22,47.779,11.233,62.905,84.0,32.965,50.846,5.259,32.965,50.524,0.311,64.118,76.104,31.479,2.0,2.0,triangular,1000000
Set 3.1 LA (low SP)_EV153,23.0,46,49.833,4.86,65.77,52.389,5.75,65.96,52.33,12.303,68.896,92.0,37.103,57.857,4.965,37.103,57.707,0.163,69.897,81.382,18.45,2.0,2.0,triangular,1000000
Set 3.1 LA (low SP)_EV154,22.5,45,48.75,4.74,64.34,51.25,5.625,64.52,51.192,12.035,67.399,90.0,34.499,53.796,5.437,34.499,53.596,0.2,67.054,81.153,18.272,2.0,2.0,triangular,1000000
Set 3.1 LA (low SP)_EV155,18.5,37,40.083,4.29,52.9,42.139,4.625,53.05,42.091,9.896,55.417,74.0,27.586,45.172,4.91,27.586,45.013,0.171,56.942,67.565,6.969,2.0,2.0,triangular,1000000
Set 3.1 LA (low SP)_EV156,22.0,44,47.667,4.6,62.91,50.111,5.5,63.09,50.054,11.768,65.901,88.0,34.082,53.387,5.04,34.082,53.203,0.198,65.694,76.766,22.124,2.0,2.0,triangular,1000000
Set 3.1 LA (low SP)_EV157,25.5,51,55.25,5.29,72.91,58.083,6.375,73.13,58.018,13.64,76.385,102.0,42.151,63.398,5.741,42.151,63.201,0.185,77.367,92.102,23.065,2.0,2.0,triangular,1000000
Set 3.1 LA (low SP)_EV158,21.0,42,45.5,4.57,60.05,47.833,5.25,60.22,47.779,11.233,62.905,84.0,30.034,49.801,5.346,30.034,49.614,0.197,62.782,74.927,6.846,2.0,2.0,triangular,1000000
Set 3.1 LA (low SP)_EV159,19.0,38,41.167,4.12,54.33,43.278,4.75,54.49,43.229,10.163,56.914,76.0,32.048,47.99,4.231,32.048,47.817,0.209,58.358,68.0,15.614,2.0,2.0,triangular,1000000
Set 3.1 LA (low SP)_EV160,17.0,34,36.833,4.03,48.61,38.722,4.25,48.75,38.678,9.093,50.923,68.0,28.005,43.686,3.963,28.005,43.545,0.194,53.337,61.969,15.74,2.0,2.0,triangular,1000000
Set 3.1 LA (low SP)_EV161,22.0,44,47.667,4.85,62.91,50.111,5.5,63.09,50.054,11.768,65.901,88.0,36.777,56.507,4.774,36.777,56.372,0.161,68.081,79.655,20.042,2.0,2.0,triangular,1000000
Set 3.1 LA (low SP)_EV162,18.0,36,39.0,4.11,51.47,41.0,4.5,51.62,40.954,9.628,53.919,72.0,27.26,44.858,4.346,27.26,44.711,0.189,55.422,65.686,7.615,2.0,2.0,triangular,1000000
Set 3.1 LA (low SP)_EV163,21.0,42,45.5,4.76,60.05,47.833,5.25,60.22,47.779,11.233,62.905,84.0,31.039,51.218,5.294,31.039,51.035,0.188,64.084,75.741,12.129,2.0,2.0,triangular,1000000
Set 3.1 LA (low SP)_EV164,24.5,49,53.083,5.21,70.05,55.806,6.125,70.26,55.742,13.105,73.39,98.0,37.103,59.007,5.843,37.103,58.821,0.179,73.216,86.708,22.327,2.0,2.0,triangular,1000000
Set 3.1 LA (low SP)_EV165,21.0,42,45.5,4.49,60.05,47.833,5.25,60.22,47.779,11.233,62.905,84.0,33.283,52.745,4.669,33.283,52.65,0.119,63.909,74.711,6.83,2.0,2.0,triangular,1000000
Set 3.1 LA (low SP)_EV166,24.0,48,52.0,5.17,68.62,54.667,6.0,68.83,54.605,12.837,71.892,96.0,35.913,59.14,5.59,35.913,58.956,0.179,72.766,84.226,19.688,2.0,2.0,triangular,1000000
Set 3.1 LA (low SP)_EV167,23.5,47,50.917,5.02,67.2,53.528,5.875,67.39,53.467,12.57,70.394,94.0,36.561,56.082,5.471,36.561,55.793,0.285,69.841,82.284,7.333,2.0,2.0,triangular,1000000
Set 3.1 LA (low SP)_EV168,25.0,50,54.167,5.22,71.48,56.944,6.25,71.69,56.88,13.372,74.887,100.0,38.298,60.139,5.911,38.298,59.916,0.205,74.595,88.848,22.413,2.0,2.0,triangular,1000000
Set 3.1 LA (low SP)_EV169,26.5,53,57.417,5.43,75.77,60.361,6.625,76.0,60.293,14.175,79.381,106.0,44.65,67.131,5.731,44.65,66.964,0.161,81.034,94.22,33.559,2.0,2.0,triangular,1000000
Set 3.1 LA (low SP)_EV170,23.0,46,49.833,4.9,65.77,52.389,5.75,65.96,52.33,12.303,68.896,92.0,35.003,55.94,5.535,35.003,55.732,0.208,69.421,84.693,23.72,2.0,2.0,triangular,1000000
Set 3.1 LA (low SP)_EV171,22.0,44,47.667,4.81,62.91,50.111,5.5,63.09,50.054,11.768,65.901,88.0,35.757,55.408,5.269,35.757,55.23,0.185,68.209,78.905,25.31,2.0,2.0,triangular,1000000
Set 3.1 LA (low SP)_EV172,24.0,48,52.0,5.21,68.62,54.667,6.0,68.83,54.605,12.837,71.892,96.0,38.556,59.783,5.709,38.556,59.616,0.158,73.496,86.695,15.551,2.0,2.0,triangular,1000000
Set 3.1 LA (low SP)_EV173,20.5,41,44.417,4.6,58.62,46.694,5.125,58.79,46.642,10.965,61.408,82.0,29.07,50.15,5.221,29.07,49.994,0.165,62.736,73.478,19.743,2.0,2.0,triangular,1000000
Set 3.1 LA (low SP)_EV174,21.5,43,46.583,4.82,61.48,48.972,5.375,61.66,48.917,11.5,64.403,86.0,32.224,52.375,5.185,32.224,52.142,0.248,65.209,76.663,27.379,2.0,2.0,triangular,1000000
Set 3.1 LA (low SP)_EV175,23.0,46,49.833,4.97,65.77,52.389,5.75,65.96,52.33,12.303,68.896,92.0,38.159,59.037,5.24,38.159,58.914,0.128,71.547,83.021,13.07,2.0,2.0,triangular,1000000
Set 3.1 LA (low SP)_EV176,22.0,44,47.667,4.68,62.91,50.111,5.5,63.09,50.054,11.768,65.901,88.0,36.357,56.147,4.907,36.357,56.036,0.127,67.858,80.259,24.171,2.0,2.0,triangular,1000000
Set 3.1 LA (low SP)_EV177,23.0,46,49.833,4.8,65.77,52.389,5.75,65.96,52.33,12.303,68.896,92.0,32.886,55.832,5.708,32.886,55.679,0.143,69.499,80.76,13.329,2.0,2.0,triangular,1000000
Set 3.1 LA (low SP)_EV178,24.0,48,52.0,5.28,68.62,54.667,6.0,68.83,54.605,12.837,71.892,96.0,38.71,59.775,5.571,38.71,59.599,0.177,73.291,88.574,22.815,2.0,2.0,triangular,1000000
Set 3.1 LA (low SP)_EV179,23.5,47,50.917,4.93,67.2,53.528,5.875,67.39,53.467,12.57,70.394,94.0,34.958,56.663,5.573,34.958,56.5,0.162,70.101,82.359,24.622,2.0,2.0,triangular,1000000
Set 3.1 LA (low SP)_EV180,26.0,52,56.333,5.4,74.34,59.222,6.5,74.56,59.155,13.907,77.883,104.0,41.2,65.359,5.991,41.2,65.228,0.12,79.655,93.351,17.278,2.0,2.0,triangular,1000000
Set 3.1 LA (low SP)_EV181,24.0,48,52.0,4.92,68.62,54.667,6.0,68.83,54.605,12.837,71.892,96.0,40.164,59.466,4.996,40.164,59.317,0.17,71.672,84.168,21.294,2.0,2.0,triangular,1000000
Set 3.1 LA (low SP)_EV182,26.5,53,57.417,5.48,75.77,60.361,6.625,76.0,60.293,14.175,79.381,106.0,41.923,65.038,5.949,41.923,64.85,0.177,79.511,94.179,29.043,2.0,2.0,triangular,1000000
Set 3.1 LA (low SP)_EV183,17.5,35,37.917,4.42,50.04,39.861,4.375,50.19,39.816,9.361,52.421,70.0,29.323,45.29,4.16,29.323,45.127,0.205,55.484,65.065,13.562,2.0,2.0,triangular,1000000
Set 3.1 LA (low SP)_EV184,23.5,47,50.917,4.88,67.2,53.528,5.875,67.39,53.467,12.57,70.394,94.0,36.564,58.869,5.437,36.564,58.746,0.126,71.874,83.846,26.113,2.0,2.0,triangular,1000000
Set 3.1 LA (low SP)_EV185,16.5,33,35.75,4.1,47.18,37.583,4.125,47.32,37.541,8.826,49.426,66.0,28.537,43.852,3.74,28.537,43.763,0.131,52.797,60.459,7.06,2.0,2.0,triangular,1000000
Set 3.1 LA (low SP)_EV186,19.5,39,42.25,4.39,55.76,44.417,4.875,55.92,44.366,10.43,58.412,78.0,32.614,48.954,4.241,32.614,48.755,0.271,59.684,71.411,22.923,2.0,2.0,triangular,1000000
Set 3.1 LA (low SP)_EV187,20.0,40,43.333,4.2,57.19,45.556,5.0,57.36,45.504,10.698,59.91,80.0,32.604,50.898,4.213,32.604,50.809,0.124,61.04,71.744,6.947,2.0,2.0,triangular,1000000
Set 3.1 LA (low SP)_EV188,24.0,48,52.0,5.0,68.62,54.667,6.0,68.83,54.605,12.837,71.892,96.0,40.713,60.404,5.235,40.713,60.248,0.162,73.093,85.494,38.427,2.0,2.0,triangular,1000000
Set 3.1 LA (low SP)_EV189,20.0,40,43.333,4.44,57.19,45.556,5.0,57.36,45.504,10.698,59.91,80.0,32.56,50.424,4.758,32.56,50.309,0.136,61.804,71.287,18.467,2.0,2.0,triangular,1000000
Set 3.1 LA (low SP)_EV190,18.0,36,39.0,4.34,51.47,41.0,4.5,51.62,40.954,9.628,53.919,72.0,29.152,45.912,4.503,29.152,45.749,0.191,56.852,66.504,7.096,2.0,2.0,triangular,1000000
Set 3.1 LA (low SP)_EV191,23.5,47,50.917,4.83,67.2,53.528,5.875,67.39,53.467,12.57,70.394,94.0,33.65,55.557,5.609,33.65,55.347,0.205,69.315,81.753,18.95,2.0,2.0,triangular,1000000
Set 3.1 LA (low SP)_EV192,24.0,48,52.0,5.01,68.62,54.667,6.0,68.83,54.605,12.837,71.892,96.0,39.83,60.551,5.232,39.83,60.417,0.152,73.197,86.346,16.878,2.0,2.0,triangular,1000000
Set 3.1 LA (low SP)_EV193,23.5,47,50.917,4.94,67.2,53.528,5.875,67.39,53.467,12.57,70.394,94.0,34.292,57.488,5.448,34.292,57.319,0.172,70.647,83.692,30.062,2.0,2.0,triangular,1000000
Set 3.1 LA (low SP)_EV194,23.0,46,49.833,4.97,65.77,52.389,5.75,65.96,52.33,12.303,68.896,92.0,36.604,57.6,5.299,36.604,57.455,0.154,70.356,82.21,16.814,2.0,2.0,triangular,1000000
Set 3.1 LA (low SP)_EV195,26.5,53,57.417,5.47,75.77,60.361,6.625,76.0,60.293,14.175,79.381,106.0,43.334,66.234,5.902,43.334,66.034,0.187,80.594,94.704,18.154,2.0,2.0,triangular,1000000
Set 3.1 LA (low SP)_EV196,22.0,44,47.667,4.95,62.91,50.111,5.5,63.09,50.054,11.768,65.901,88.0,34.548,54.391,5.154,34.548,54.187,0.218,67.095,81.027,17.738,2.0,2.0,triangular,1000000
Set 3.1 LA (low SP)_EV197,20.0,40,43.333,4.37,57.19,45.556,5.0,57.36,45.504,10.698,59.91,80.0,34.311,51.998,4.306,34.311,51.91,0.112,62.255,71.98,20.635,2.0,2.0,triangular,1000000
Set 3.1 LA (low SP)_EV198,24.5,49,53.083,5.14,70.05,55.806,6.125,70.26,55.742,13.105,73.39,98.0,39.267,61.106,5.286,39.267,60.899,0.211,74.084,85.385,37.244,2.0,2.0,triangular,1000000
Set 3.1 LA (low SP)_EV199,23.0,46,49.833,4.92,65.77,52.389,5.75,65.96,52.33,12.303,68.896,92.0,33.134,55.413,5.583,33.134,55.189,0.216,69.095,83.737,7.01,2.0,2.0,triangular,1000000
Set 3.1 LA (low SP)_EV200,21.5,43,46.583,4.85,61.48,48.972,5.375,61.66,48.917,11.5,64.403,86.0,32.849,52.877,5.447,32.849,52.677,0.2,66.125,77.494,12.682,2.0,2.0,triangular,1000000
Set 3.1 LA (low SP)_EV201,23.5,47,50.917,4.94,67.2,53.528,5.875,67.39,53.467,12.57,70.394,94.0,36.653,58.351,5.561,36.653,58.179,0.166,71.768,84.924,14.867,2.0,2.0,triangular,1000000
Set 3.1 LA (low SP)_EV202,27.0,54,58.5,5.56,77.2,61.5,6.75,77.43,61.431,14.442,80.878,108.0,46.743,68.857,5.451,46.743,68.713,0.158,82.111,95.578,53.941,2.0,2.0,triangular,1000000
Set 3.1 LA (low SP)_EV203,23.5,47,50.917,5.07,67.2,53.528,5.875,67.39,53.467,12.57,70.394,94.0,39.091,59.482,5.32,39.091,59.329,0.164,72.347,84.103,44.106,2.0,2.0,triangular,1000000
Set 3.1 LA (low SP)_EV204,28.5,57,61.75,5.86,81.49,64.917,7.125,81.73,64.843,15.244,85.372,114.0,45.643,70.046,6.551,45.643,69.866,0.154,85.825,102.219,70.06,2.0,2.0,triangular,1000000
Set 3.1 LA (low SP)_EV205,26.0,52,56.333,5.53,74.34,59.222,6.5,74.56,59.155,13.907,77.883,104.0,39.52,62.739,6.274,39.52,62.56,0.162,77.876,90.988,37.053,2.0,2.0,triangular,1000000
Set 3.1 LA (low SP)_EV206,22.0,44,47.667,4.74,62.91,50.111,5.5,63.09,50.054,11.768,65.901,88.0,38.82,57.9,4.637,38.82,57.837,0.084,68.846,80.827,70.306,2.0,2.0,triangular,1000000
Set 3.1 LA (low SP)_EV207,22.5,45,48.75,4.68,64.34,51.25,5.625,64.52,51.192,12.035,67.399,90.0,38.97,59.254,4.62,38.97,59.145,0.128,70.332,81.174,82.86,2.0,2.0,triangular,1000000
Set 3.1 LA (low SP)_EV208,26.0,52,56.333,5.37,74.34,59.222,6.5,74.56,59.155,13.907,77.883,104.0,39.604,62.905,6.269,39.604,62.715,0.163,78.031,92.51,77.409,2.0,2.0,triangular,1000000
Set 3.1 LA (low SP)_EV209,23.0,46,49.833,4.86,65.77,52.389,5.75,65.96,52.33,12.303,68.896,92.0,35.755,58.036,5.215,35.755,57.905,0.139,70.584,81.941,61.21,2.0,2.0,triangular,1000000
Set 3.1 LA (low SP)_EV210,21.5,43,46.583,4.85,61.48,48.972,5.375,61.66,48.917,11.5,64.403,86.0,32.809,53.952,5.12,32.809,53.82,0.135,66.208,77.801,48.448,2.0,2.0,triangular,1000000
Set 3.1 LA (low SP)_EV211,24.0,48,52.0,4.95,68.62,54.667,6.0,68.83,54.605,12.837,71.892,96.0,38.199,59.553,5.08,38.199,59.4,0.174,71.923,87.208,43.12,2.0,2.0,triangular,1000000
Set 3.1 LA (low SP)_EV212,21.0,42,45.5,4.42,60.05,47.833,5.25,60.22,47.779,11.233,62.905,84.0,33.398,51.913,4.724,33.398,51.773,0.164,63.335,73.932,44.616,2.0,2.0,triangular,1000000
Set 3.1 LA (low SP)_EV213,27.0,54,58.5,5.58,77.2,61.5,6.75,77.43,61.431,14.442,80.878,108.0,41.851,65.895,6.284,41.851,65.724,0.151,81.004,94.861,56.995,2.0,2.0,triangular,1000000
Set 3.1 LA (low SP)_EV214,24.0,48,52.0,4.95,68.62,54.667,6.0,68.83,54.605,12.837,71.892,96.0,40.42,61.107,5.281,40.42,60.982,0.129,73.771,86.471,64.349,2.0,2.0,triangular,1000000
Set 3.1 LA (low SP)_EV215,25.0,50,54.167,5.21,71.48,56.944,6.25,71.69,56.88,13.372,74.887,100.0,40.152,62.329,5.54,40.152,62.175,0.148,75.676,89.762,22.93,2.0,2.0,triangular,1000000
Set 3.1 LA (low SP)_EV216,26.5,53,57.417,5.43,75.77,60.361,6.625,76.0,60.293,14.175,79.381,106.0,48.069,70.238,5.463,48.069,70.158,0.082,83.164,96.319,80.432,2.0,2.0,triangular,1000000
Set 3.1 LA (low SP)_EV217,24.5,49,53.083,5.12,70.05,55.806,6.125,70.26,55.742,13.105,73.39,98.0,42.449,62.745,5.268,42.449,62.582,0.167,75.458,87.952,45.814,2.0,2.0,triangular,1000000
Set 3.1 LA (low SP)_EV218,19.5,39,42.25,4.38,55.76,44.417,4.875,55.92,44.366,10.43,58.412,78.0,33.196,50.044,4.221,33.196,49.93,0.152,60.223,69.795,60.217,2.0,2.0,triangular,1000000
Set 3.1 LA (low SP)_EV219,24.0,48,52.0,5.28,68.62,54.667,6.0,68.83,54.605,12.837,71.892,96.0,37.239,59.589,5.857,37.239,59.406,0.167,73.757,87.096,49.495,2.0,2.0,triangular,1000000
Set 3.1 LA (low SP)_EV220,25.5,51,55.25,5.31,72.91,58.083,6.375,73.13,58.018,13.64,76.385,102.0,39.986,63.362,5.527,39.986,63.21,0.162,76.819,89.527,22.2,2.0,2.0,triangular,1000000
Set 3.1 LA (low SP)_EV221,24.5,49,53.083,5.04,70.05,55.806,6.125,70.26,55.742,13.105,73.39,98.0,40.856,61.329,5.295,40.856,61.157,0.173,74.155,86.521,46.574,2.0,2.0,triangular,1000000
Set 3.1 LA (low SP)_EV222,21.0,42,45.5,4.94,60.05,47.833,5.25,60.22,47.779,11.233,62.905,84.0,32.948,52.922,5.093,32.948,52.745,0.187,65.314,76.026,25.464,2.0,2.0,triangular,1000000
Set 3.1 LA (low SP)_EV223,20.5,41,44.417,4.47,58.62,46.694,5.125,58.79,46.642,10.965,61.408,82.0,34.915,51.885,4.428,34.915,51.731,0.193,62.751,74.919,46.28,2.0,2.0,triangular,1000000
Set 3.1 LA (low SP)_EV224,21.5,43,46.583,4.63,61.48,48.972,5.375,61.66,48.917,11.5,64.403,86.0,35.071,53.578,4.843,35.071,53.429,0.176,65.371,77.762,35.595,2.0,2.0,triangular,1000000
Set 3.1 LA (low SP)_EV225,25.5,51,55.25,5.26,72.91,58.083,6.375,73.13,58.018,13.64,76.385,102.0,42.808,64.549,5.243,42.808,64.396,0.165,77.31,90.157,65.229,2.0,2.0,triangular,1000000
Set 3.1 LA (low SP)_EV226,21.5,43,46.583,4.55,61.48,48.972,5.375,61.66,48.917,11.5,64.403,86.0,33.662,52.221,4.796,33.662,52.062,0.196,63.99,76.592,24.256,2.0,2.0,triangular,1000000
Set 3.1 LA (low SP)_EV227,24.0,48,52.0,5.0,68.62,54.667,6.0,68.83,54.605,12.837,71.892,96.0,37.158,58.038,5.788,37.158,57.827,0.204,72.114,85.14,53.496,2.0,2.0,triangular,1000000
Set 3.1 LA (low SP)_EV228,24.5,49,53.083,5.18,70.05,55.806,6.125,70.26,55.742,13.105,73.39,98.0,39.206,60.809,5.653,39.206,60.631,0.178,74.529,88.247,83.077,2.0,2.0,triangular,1000000
Set 3.1 LA (low SP)_EV229,22.5,45,48.75,4.85,64.34,51.25,5.625,64.52,51.192,12.035,67.399,90.0,33.727,55.999,5.317,33.727,55.824,0.174,68.838,82.988,37.831,2.0,2.0,triangular,1000000
Set 3.1 LA (low SP)_EV230,24.0,48,52.0,5.3,68.62,54.667,6.0,68.83,54.605,12.837,71.892,96.0,38.986,62.086,5.067,38.986,61.932,0.163,74.356,86.615,49.576,2.0,2.0,triangular,1000000
Set 3.1 LA (low SP)_EV231,21.0,42,45.5,4.37,60.05,47.833,5.25,60.22,47.779,11.233,62.905,84.0,36.866,54.896,4.496,36.866,54.833,0.081,65.515,75.861,37.699,2.0,2.0,triangular,1000000
Set 3.1 LA (low SP)_EV232,24.0,48,52.0,4.95,68.62,54.667,6.0,68.83,54.605,12.837,71.892,96.0,39.05,60.548,5.083,39.05,60.429,0.132,72.742,84.976,51.977,2.0,2.0,triangular,1000000
Set 3.1 LA (low SP)_EV233,27.5,55,59.583,5.62,78.63,62.639,6.875,78.86,62.568,14.71,82.376,110.0,39.206,65.283,6.591,39.206,65.071,0.174,81.247,95.988,46.165,2.0,2.0,triangular,1000000
Set 3.1 LA (low SP)_EV234,25.0,50,54.167,5.22,71.48,56.944,6.25,71.69,56.88,13.372,74.887,100.0,44.81,64.769,5.179,44.81,64.599,0.18,77.407,91.515,51.078,2.0,2.0,triangular,1000000
Set 3.1 LA (low SP)_EV235,25.5,51,55.25,5.26,72.91,58.083,6.375,73.13,58.018,13.64,76.385,102.0,41.076,63.793,5.629,41.076,63.615,0.168,77.431,89.835,61.763,2.0,2.0,triangular,1000000
Set 3.1 LA (low SP)_EV236,21.0,42,45.5,4.4,60.05,47.833,5.25,60.22,47.779,11.233,62.905,84.0,36.019,54.348,4.509,36.019,54.214,0.162,65.251,76.344,50.973,2.0,2.0,triangular,1000000
Set 3.1 LA (low SP)_EV237,25.0,50,54.167,5.18,71.48,56.944,6.25,71.69,56.88,13.372,74.887,100.0,40.984,63.815,5.598,40.984,63.696,0.125,77.217,90.407,33.958,2.0,2.0,triangular,1000000
Set 3.1 LA (low SP)_EV238,28.0,56,60.667,5.73,80.06,63.778,7.0,80.3,63.706,14.977,83.874,112.0,48.284,72.461,5.737,48.284,72.319,0.136,86.293,102.064,83.819,2.0,2.0,triangular,1000000
Set 3.1 LA (low SP)_EV239,26.5,53,57.417,5.45,75.77,60.361,6.625,76.0,60.293,14.175,79.381,106.0,40.41,63.674,6.103,40.41,63.431,0.214,78.661,93.052,46.746,2.0,2.0,triangular,1000000
Set 3.1 LA (low SP)_EV240,24.5,49,53.083,5.12,70.05,55.806,6.125,70.26,55.742,13.105,73.39,98.0,44.116,64.588,5.04,44.116,64.494,0.106,76.605,87.286,49.864,2.0,2.0,triangular,1000000
Set 3.1 LA (low SP)_EV241,25.5,51,55.25,5.3,72.91,58.083,6.375,73.13,58.018,13.64,76.385,102.0,41.337,64.311,5.634,41.337,64.173,0.135,77.842,91.575,48.666,2.0,2.0,triangular,1000000
Set 3.1 LA (low SP)_EV242,17.5,35,37.917,3.94,50.04,39.861,4.375,50.19,39.816,9.361,52.421,70.0,27.629,42.844,4.178,27.629,42.71,0.178,52.993,63.203,11.59,2.0,2.0,triangular,1000000
Set 3.1 LA (low SP)_EV243,23.5,47,50.917,5.06,67.2,53.528,5.875,67.39,53.467,12.57,70.394,94.0,38.474,57.819,5.093,38.474,57.606,0.234,70.484,83.354,50.262,2.0,2.0,triangular,1000000
Set 3.1 LA (low SP)_EV244,24.5,49,53.083,5.2,70.05,55.806,6.125,70.26,55.742,13.105,73.39,98.0,41.077,62.411,5.563,41.077,62.263,0.142,75.72,87.911,52.346,2.0,2.0,triangular,1000000
Set 3.1 LA (low SP)_EV245,23.5,47,50.917,5.03,67.2,53.528,5.875,67.39,53.467,12.57,70.394,94.0,40.128,60.416,5.295,40.128,60.274,0.146,73.116,86.464,58.088,2.0,2.0,triangular,1000000
Set 3.1 LA (low SP)_EV246,25.0,50,54.167,5.21,71.48,56.944,6.25,71.69,56.88,13.372,74.887,100.0,40.533,62.806,5.469,40.533,62.665,0.145,75.982,87.346,29.058,2.0,2.0,triangular,1000000
Set 3.1 LA (low SP)_EV247,26.0,52,56.333,5.4,74.34,59.222,6.5,74.56,59.155,13.907,77.883,104.0,43.991,65.69,5.626,43.991,65.512,0.17,79.315,93.318,55.427,2.0,2.0,triangular,1000000
Set 3.1 LA (low SP)_EV248,25.5,51,55.25,5.27,72.91,58.083,6.375,73.13,58.018,13.64,76.385,102.0,40.457,62.698,5.815,40.457,62.517,0.177,76.819,93.684,58.074,2.0,2.0,triangular,1000000
Set 3.1 LA (low SP)_EV249,25.5,51,55.25,5.27,72.91,58.083,6.375,73.13,58.018,13.64,76.385,102.0,37.916,62.0,6.045,37.916,61.856,0.134,76.481,89.883,81.483,2.0,2.0,triangular,1000000
Set 3.1 LA (low SP)_EV250,23.0,46,49.833,4.87,65.77,52.389,5.75,65.96,52.33,12.303,68.896,92.0,35.474,57.695,5.047,35.474,57.576,0.135,69.821,80.637,39.301,2.0,2.0,triangular,1000000
Set 3.1 LA (low SP)_EV251,24.0,48,52.0,5.0,68.62,54.667,6.0,68.83,54.605,12.837,71.892,96.0,39.329,60.895,5.426,39.329,60.759,0.129,73.821,85.411,62.095,2.0,2.0,triangular,1000000
Set 3.1 LA (low SP)_EV252,17.5,35,37.917,3.99,50.04,39.861,4.375,50.19,39.816,9.361,52.421,70.0,26.784,42.748,4.318,26.784,42.54,0.248,53.382,63.186,28.427,2.0,2.0,triangular,1000000
Set 3.1 LA (low SP)_EV253,24.5,49,53.083,5.21,70.05,55.806,6.125,70.26,55.742,13.105,73.39,98.0,35.988,58.967,6.006,35.988,58.802,0.15,73.408,89.201,37.624,2.0,2.0,triangular,1000000
Set 3.1 LA (low SP)_EV254,26.5,53,57.417,5.45,75.77,60.361,6.625,76.0,60.293,14.175,79.381,106.0,44.709,67.531,5.831,44.709,67.357,0.162,81.624,95.31,70.331,2.0,2.0,triangular,1000000
Set 3.1 LA (low SP)_EV255,22.5,45,48.75,4.96,64.34,51.25,5.625,64.52,51.192,12.035,67.399,90.0,36.171,57.533,5.321,36.171,57.405,0.13,70.211,81.068,48.344,2.0,2.0,triangular,1000000
Set 3.1 LA (low SP)_EV256,22.0,44,47.667,4.56,62.91,50.111,5.5,63.09,50.054,11.768,65.901,88.0,35.26,54.21,5.096,35.26,54.04,0.171,66.508,79.86,30.298,2.0,2.0,triangular,1000000
Set 3.1 LA (low SP)_EV257,21.0,42,45.5,4.51,60.05,47.833,5.25,60.22,47.779,11.233,62.905,84.0,34.127,52.634,4.671,34.127,52.481,0.176,63.972,76.484,36.033,2.0,2.0,triangular,1000000
Set 3.1 LA (low SP)_EV258,25.0,50,54.167,5.49,71.48,56.944,6.25,71.69,56.88,13.372,74.887,100.0,38.973,62.181,5.966,38.973,61.959,0.197,76.695,89.315,55.149,2.0,2.0,triangular,1000000
Set 3.1 LA (low SP)_EV259,25.0,50,54.167,5.28,71.48,56.944,6.25,71.69,56.88,13.372,74.887,100.0,40.78,63.965,5.513,40.78,63.834,0.126,77.168,90.947,50.422,2.0,2.0,triangular,1000000
Set 3.1 LA (low SP)_EV260,27.0,54,58.5,5.53,77.2,61.5,6.75,77.43,61.431,14.442,80.878,108.0,42.091,65.789,6.173,42.091,65.628,0.152,80.661,94.004,53.601,2.0,2.0,triangular,1000000
Set 3.1 LA (low SP)_EV261,27.5,55,59.583,5.65,78.63,62.639,6.875,78.86,62.568,14.71,82.376,110.0,43.239,69.056,6.186,43.239,68.933,0.114,83.798,98.575,50.593,2.0,2.0,triangular,1000000
Set 3.1 LA (low SP)_EV262,25.0,50,54.167,5.18,71.48,56.944,6.25,71.69,56.88,13.372,74.887,100.0,42.1,64.022,5.236,42.1,63.881,0.148,76.702,91.575,82.856,2.0,2.0,triangular,1000000
Set 3.1 LA (low SP)_EV263,24.0,48,52.0,5.27,68.62,54.667,6.0,68.83,54.605,12.837,71.892,96.0,40.631,60.81,5.366,40.631,60.63,0.182,73.898,88.094,22.81,2.0,2.0,triangular,1000000
Set 3.1 LA (low SP)_EV264,19.0,38,41.167,4.32,54.33,43.278,4.75,54.49,43.229,10.163,56.914,76.0,28.443,46.889,4.869,28.443,46.753,0.145,58.51,67.915,7.032,2.0,2.0,triangular,1000000
Set 3.1 LA (low SP)_EV265,22.0,44,47.667,4.74,62.91,50.111,5.5,63.09,50.054,11.768,65.901,88.0,33.355,54.701,4.737,33.355,54.526,0.214,66.439,79.192,43.521,2.0,2.0,triangular,1000000
Set 3.1 LA (low SP)_EV266,24.5,49,53.083,5.14,70.05,55.806,6.125,70.26,55.742,13.105,73.39,98.0,42.892,63.269,5.073,42.892,63.146,0.133,75.478,87.495,72.045,2.0,2.0,triangular,1000000
Set 3.1 LA (low SP)_EV267,26.0,52,56.333,5.39,74.34,59.222,6.5,74.56,59.155,13.907,77.883,104.0,40.613,64.702,6.114,40.613,64.538,0.149,79.376,92.724,53.867,2.0,2.0,triangular,1000000
Set 3.1 LA (low SP)_EV268,25.5,51,55.25,5.25,72.91,58.083,6.375,73.13,58.018,13.64,76.385,102.0,41.149,63.649,5.85,41.149,63.521,0.124,77.619,90.221,49.504,2.0,2.0,triangular,1000000
Set 3.1 LA (low SP)_EV269,20.5,41,44.417,4.59,58.62,46.694,5.125,58.79,46.642,10.965,61.408,82.0,33.561,52.405,4.661,33.561,52.278,0.146,63.639,74.012,39.518,2.0,2.0,triangular,1000000
Set 3.1 LA (low SP)_EV270,23.0,46,49.833,4.99,65.77,52.389,5.75,65.96,52.33,12.303,68.896,92.0,33.422,54.348,5.843,33.422,54.124,0.216,68.636,81.437,55.56,2.0,2.0,triangular,1000000
Set 3.1 LA (low SP)_EV271,23.0,46,49.833,4.86,65.77,52.389,5.75,65.96,52.33,12.303,68.896,92.0,38.319,59.501,5.12,38.319,59.381,0.121,71.704,83.226,39.469,2.0,2.0,triangular,1000000
Set 3.1 LA (low SP)_EV272,22.0,44,47.667,4.85,62.91,50.111,5.5,63.09,50.054,11.768,65.901,88.0,36.799,55.489,5.021,36.799,55.339,0.161,67.603,79.794,37.771,2.0,2.0,triangular,1000000
Set 3.1 LA (low SP)_EV273,17.0,34,36.833,3.98,48.61,38.722,4.25,48.75,38.678,9.093,50.923,68.0,28.54,44.232,3.992,28.54,44.123,0.143,53.777,61.778,22.759,2.0,2.0,triangular,1000000
Set 3.1 LA (low SP)_EV274,26.0,52,56.333,5.33,74.34,59.222,6.5,74.56,59.155,13.907,77.883,104.0,37.454,62.517,6.145,37.454,62.35,0.149,77.302,90.806,66.557,2.0,2.0,triangular,1000000
Set 3.1 LA (low SP)_EV275,21.0,42,45.5,4.66,60.05,47.833,5.25,60.22,47.779,11.233,62.905,84.0,34.845,53.132,4.821,34.845,53.014,0.134,64.688,74.774,35.008,2.0,2.0,triangular,1000000
Set 3.1 LA (low SP)_EV276,25.0,50,54.167,5.18,71.48,56.944,6.25,71.69,56.88,13.372,74.887,100.0,42.257,64.13,5.432,42.257,63.98,0.148,77.225,90.934,45.138,2.0,2.0,triangular,1000000
Set 3.1 LA (low SP)_EV277,22.0,44,47.667,4.68,62.91,50.111,5.5,63.09,50.054,11.768,65.901,88.0,36.791,56.387,4.846,36.791,56.259,0.142,68.031,79.764,42.773,2.0,2.0,triangular,1000000
Set 3.1 LA (low SP)_EV278,24.5,49,53.083,5.06,70.05,55.806,6.125,70.26,55.742,13.105,73.39,98.0,40.4,60.869,5.521,40.4,60.721,0.146,74.124,87.232,81.275,2.0,2.0,triangular,1000000
Set 3.1 LA (low SP)_EV279,29.0,58,62.833,5.93,82.92,66.056,7.25,83.17,65.981,15.512,86.869,116.0,46.366,71.732,6.334,46.366,71.555,0.155,87.042,102.062,82.451,2.0,2.0,triangular,1000000
Set 3.1 LA (low SP)_EV280,19.5,39,42.25,4.37,55.76,44.417,4.875,55.92,44.366,10.43,58.412,78.0,32.299,49.394,4.406,32.299,49.281,0.143,60.007,70.252,18.331,2.0,2.0,triangular,1000000
Set 3.1 LA (low SP)_EV281,25.0,50,54.167,5.28,71.48,56.944,6.25,71.69,56.88,13.372,74.887,100.0,40.047,62.018,5.823,40.047,61.812,0.193,76.206,89.942,66.581,2.0,2.0,triangular,1000000
Set 3.1 LA (low SP)_EV282,25.0,50,54.167,5.17,71.48,56.944,6.25,71.69,56.88,13.372,74.887,100.0,41.321,63.362,5.488,41.321,63.263,0.111,76.451,90.192,56.25,2.0,2.0,triangular,1000000
Set 3.1 LA (low SP)_EV283,23.5,47,50.917,4.87,67.2,53.528,5.875,67.39,53.467,12.57,70.394,94.0,35.928,57.811,5.383,35.928,57.642,0.179,70.906,85.273,45.418,2.0,2.0,triangular,1000000
Set 3.1 LA (low SP)_EV284,20.0,40,43.333,4.5,57.19,45.556,5.0,57.36,45.504,10.698,59.91,80.0,33.738,51.582,4.462,33.738,51.478,0.132,62.272,72.887,53.839,2.0,2.0,triangular,1000000
Set 3.1 LA (low SP)_EV285,25.5,51,55.25,5.27,72.91,58.083,6.375,73.13,58.018,13.64,76.385,102.0,40.71,61.9,5.794,40.71,61.728,0.169,75.924,89.92,64.727,2.0,2.0,triangular,1000000
Set 3.1 LA (low SP)_EV286,20.0,40,43.333,4.32,57.19,45.556,5.0,57.36,45.504,10.698,59.91,80.0,30.563,49.225,4.443,30.563,49.097,0.168,60.035,71.39,60.94,2.0,2.0,triangular,1000000
Set 3.1 LA (low SP)_EV287,18.0,36,39.0,4.32,51.47,41.0,4.5,51.62,40.954,9.628,53.919,72.0,29.573,46.106,4.23,29.573,45.982,0.163,56.343,66.928,26.096,2.0,2.0,triangular,1000000
Set 3.1 LA (low SP)_EV288,21.5,43,46.583,4.6,61.48,48.972,5.375,61.66,48.917,11.5,64.403,86.0,37.511,55.65,4.797,37.511,55.531,0.131,67.121,77.365,49.049,2.0,2.0,triangular,1000000
Set 3.1 LA (low SP)_EV289,22.0,44,47.667,4.73,62.91,50.111,5.5,63.09,50.054,11.768,65.901,88.0,36.864,56.022,4.661,36.864,55.897,0.153,67.308,80.078,28.629,2.0,2.0,triangular,1000000
Set 3.1 LA (low SP)_EV290,26.0,52,56.333,5.33,74.34,59.222,6.5,74.56,59.155,13.907,77.883,104.0,43.29,65.634,5.474,43.29,65.486,0.156,78.9,90.982,66.833,2.0,2.0,triangular,1000000
Set 3.1 LA (low SP)_EV291,20.0,40,43.333,4.4,57.19,45.556,5.0,57.36,45.504,10.698,59.91,80.0,33.072,51.053,4.525,33.072,50.899,0.183,62.046,74.206,29.951,2.0,2.0,triangular,1000000
Set 3.1 LA (low SP)_EV292,23.0,46,49.833,4.91,65.77,52.389,5.75,65.96,52.33,12.303,68.896,92.0,37.307,58.073,5.419,37.307,57.948,0.125,70.991,82.864,41.395,2.0,2.0,triangular,1000000
Set 3.1 LA (low SP)_EV293,24.0,48,52.0,5.0,68.62,54.667,6.0,68.83,54.605,12.837,71.892,96.0,41.259,61.792,5.217,41.259,61.651,0.148,74.345,88.617,31.244,2.0,2.0,triangular,1000000
Set 3.1 LA (low SP)_EV294,28.0,56,60.667,5.73,80.06,63.778,7.0,80.3,63.706,14.977,83.874,112.0,44.602,68.299,6.304,44.602,68.121,0.16,83.552,97.708,70.539,2.0,2.0,triangular,1000000
Set 3.1 LA (low SP)_EV295,24.5,49,53.083,5.21,70.05,55.806,6.125,70.26,55.742,13.105,73.39,98.0,36.332,58.748,6.006,36.332,58.544,0.185,73.357,87.637,35.459,2.0,2.0,triangular,1000000
Set 3.1 LA (low SP)_EV296,25.0,50,54.167,5.18,71.48,56.944,6.25,71.69,56.88,13.372,74.887,100.0,37.055,60.186,5.931,37.055,60.0,0.172,74.562,88.191,31.422,2.0,2.0,triangular,1000000
Set 3.1 LA (low SP)_EV297,22.5,45,48.75,4.64,64.34,51.25,5.625,64.52,51.192,12.035,67.399,90.0,37.288,56.698,4.846,37.288,56.582,0.137,68.364,81.168,68.906,2.0,2.0,triangular,1000000
Set 3.1 LA (low SP)_EV298,21.0,42,45.5,4.4,60.05,47.833,5.25,60.22,47.779,11.233,62.905,84.0,36.597,54.389,4.332,36.597,54.31,0.101,64.701,73.915,54.646,2.0,2.0,triangular,1000000
Set 3.1 LA (low SP)_EV299,20.0,40,43.333,4.37,57.19,45.556,5.0,57.36,45.504,10.698,59.91,80.0,33.259,50.683,4.664,33.259,50.546,0.162,61.956,72.45,37.214,2.0,2.0,triangular,1000000
Set 3.1 LA (low SP)_EV300,24.5,49,53.083,5.12,70.05,55.806,6.125,70.26,55.742,13.105,73.39,98.0,38.952,60.658,5.62,38.952,60.486,0.172,74.281,87.808,35.856,2.0,2.0,triangular,1000000
Set 3.1 LA (low SP)_EV301,28.0,56,60.667,5.73,80.06,63.778,7.0,80.3,63.706,14.977,83.874,112.0,51.62,74.634,5.723,51.62,74.555,0.082,88.192,104.762,178.406,2.0,2.0,triangular,1000000
Set 3.1 LA (low SP)_EV302,27.5,55,59.583,5.68,78.63,62.639,6.875,78.86,62.568,14.71,82.376,110.0,44.965,71.366,5.777,44.965,71.211,0.148,85.281,102.588,180.789,2.0,2.0,triangular,1000000
Set 3.1 LA (low SP)_EV303,27.0,54,58.5,5.56,77.2,61.5,6.75,77.43,61.431,14.442,80.878,108.0,42.714,66.481,6.164,42.714,66.282,0.175,81.433,98.291,85.859,2.0,2.0,triangular,1000000
Set 3.1 LA (low SP)_EV304,26.5,53,57.417,5.57,75.77,60.361,6.625,76.0,60.293,14.175,79.381,106.0,43.358,66.741,5.872,43.358,66.59,0.147,80.898,95.193,73.36,2.0,2.0,triangular,1000000
Set 3.1 LA (low SP)_EV305,27.5,55,59.583,5.63,78.63,62.639,6.875,78.86,62.568,14.71,82.376,110.0,42.868,66.387,6.413,42.868,66.184,0.174,81.908,95.161,77.946,2.0,2.0,triangular,1000000
Set 3.1 LA (low SP)_EV306,22.0,44,47.667,4.96,62.91,50.111,5.5,63.09,50.054,11.768,65.901,88.0,35.061,56.636,5.22,35.061,56.464,0.173,69.219,80.36,34.984,2.0,2.0,triangular,1000000
Set 3.1 LA (low SP)_EV307,29.5,59,63.917,6.03,84.35,67.194,7.375,84.6,67.119,15.779,88.367,118.0,51.053,76.199,6.385,51.053,76.091,0.096,91.362,105.442,94.667,2.0,2.0,triangular,1000000
Set 3.1 LA (low SP)_EV308,23.5,47,50.917,5.07,67.2,53.528,5.875,67.39,53.467,12.57,70.394,94.0,41.056,61.277,4.951,41.056,61.212,0.076,72.956,86.128,156.501,2.0,2.0,triangular,1000000
Set 3.1 LA (low SP)_EV309,26.0,52,56.333,5.35,74.34,59.222,6.5,74.56,59.155,13.907,77.883,104.0,41.936,65.101,6.032,41.936,64.95,0.137,79.58,92.136,81.746,2.0,2.0,triangular,1000000
Set 3.1 LA (low SP)_EV310,24.0,48,52.0,5.11,68.62,54.667,6.0,68.83,54.605,12.837,71.892,96.0,41.449,62.107,5.174,41.449,62.011,0.101,74.407,85.658,76.832,2.0,2.0,triangular,1000000
Set 3.1 LA (low SP)_EV311,25.5,51,55.25,5.31,72.91,58.083,6.375,73.13,58.018,13.64,76.385,102.0,42.236,65.356,5.551,42.236,65.238,0.121,78.663,94.889,165.732,2.0,2.0,triangular,1000000
Set 3.1 LA (low SP)_EV312,27.0,54,58.5,5.55,77.2,61.5,6.75,77.43,61.431,14.442,80.878,108.0,44.228,66.456,5.844,44.228,66.265,0.18,80.667,95.073,109.147,2.0,2.0,triangular,1000000
Set 3.1 LA (low SP)_EV313,23.5,47,50.917,4.94,67.2,53.528,5.875,67.39,53.467,12.57,70.394,94.0,40.453,61.273,5.131,40.453,61.162,0.112,73.498,85.142,92.245,2.0,2.0,triangular,1000000
Set 3.1 LA (low SP)_EV314,20.5,41,44.417,4.49,58.62,46.694,5.125,58.79,46.642,10.965,61.408,82.0,32.718,52.9,4.824,32.718,52.802,0.109,64.343,75.143,134.071,2.0,2.0,triangular,1000000
Set 3.1 LA (low SP)_EV315,28.0,56,60.667,5.73,80.06,63.778,7.0,80.3,63.706,14.977,83.874,112.0,41.689,67.389,6.557,41.689,67.218,0.147,83.195,98.814,88.086,2.0,2.0,triangular,1000000
Set 3.1 LA (low SP)_EV316,22.5,45,48.75,4.8,64.34,51.25,5.625,64.52,51.192,12.035,67.399,90.0,39.294,59.419,4.626,39.294,59.338,0.099,70.463,80.563,81.123,2.0,2.0,triangular,1000000
Set 3.1 LA (low SP)_EV317,26.5,53,57.417,5.43,75.77,60.361,6.625,76.0,60.293,14.175,79.381,106.0,43.518,66.873,6.062,43.518,66.753,0.116,81.321,97.073,60.951,2.0,2.0,triangular,1000000
Set 3.1 LA (low SP)_EV318,26.0,52,56.333,5.36,74.34,59.222,6.5,74.56,59.155,13.907,77.883,104.0,41.987,65.889,5.917,41.987,65.763,0.125,80.068,93.506,160.442,2.0,2.0,triangular,1000000
Set 3.1 LA (low SP)_EV319,21.5,43,46.583,4.59,61.48,48.972,5.375,61.66,48.917,11.5,64.403,86.0,36.348,55.814,4.709,36.348,55.693,0.139,67.094,77.75,84.71,2.0,2.0,triangular,1000000
Set 3.1 LA (low SP)_EV320,22.5,45,48.75,4.76,64.34,51.25,5.625,64.52,51.192,12.035,67.399,90.0,37.883,56.604,4.753,37.883,56.478,0.154,68.09,80.475,83.622,2.0,2.0,triangular,1000000
Set 3.1 LA (low SP)_EV321,24.5,49,53.083,5.02,70.05,55.806,6.125,70.26,55.742,13.105,73.39,98.0,42.242,63.409,5.3,42.242,63.302,0.11,76.029,89.065,121.622,2.0,2.0,triangular,1000000
Set 3.1 LA (low SP)_EV322,27.5,55,59.583,5.63,78.63,62.639,6.875,78.86,62.568,14.71,82.376,110.0,45.582,70.543,6.025,45.582,70.403,0.127,84.932,97.692,68.499,2.0,2.0,triangular,1000000
Set 3.1 LA (low SP)_EV323,25.5,51,55.25,5.39,72.91,58.083,6.375,73.13,58.018,13.64,76.385,102.0,41.736,64.278,5.763,41.736,64.107,0.165,78.229,90.619,111.047,2.0,2.0,triangular,1000000
Set 3.1 LA (low SP)_EV324,25.5,51,55.25,5.27,72.91,58.083,6.375,73.13,58.018,13.64,76.385,102.0,40.382,64.22,5.794,40.382,64.117,0.098,77.953,91.085,60.68,2.0,2.0,triangular,1000000
Set 3.1 LA (low SP)_EV325,27.0,54,58.5,5.58,77.2,61.5,6.75,77.43,61.431,14.442,80.878,108.0,42.997,67.429,6.157,42.997,67.242,0.165,82.302,95.858,123.284,2.0,2.0,triangular,1000000
Set 3.1 LA (low SP)_EV326,25.5,51,55.25,5.29,72.91,58.083,6.375,73.13,58.018,13.64,76.385,102.0,40.074,63.086,5.735,40.074,62.942,0.14,76.839,89.472,90.194,2.0,2.0,triangular,1000000
Set 3.1 LA (low SP)_EV327,28.0,56,60.667,5.73,80.06,63.778,7.0,80.3,63.706,14.977,83.874,112.0,47.801,73.665,5.767,47.801,73.546,0.11,87.406,100.26,184.001,2.0,2.0,triangular,1000000
Set 3.1 LA (low SP)_EV328,21.0,42,45.5,4.46,60.05,47.833,5.25,60.22,47.779,11.233,62.905,84.0,33.451,52.37,4.792,33.451,52.241,0.151,63.904,76.129,87.945,2.0,2.0,triangular,1000000
Set 3.1 LA (low SP)_EV329,25.0,50,54.167,5.26,71.48,56.944,6.25,71.69,56.88,13.372,74.887,100.0,44.937,65.917,5.166,44.937,65.85,0.072,78.073,89.077,80.602,2.0,2.0,triangular,1000000
Set 3.1 LA (low SP)_EV330,24.0,48,52.0,5.0,68.62,54.667,6.0,68.83,54.605,12.837,71.892,96.0,37.883,59.658,5.434,37.883,59.514,0.147,72.725,85.778,88.814,2.0,2.0,triangular,1000000
Set 3.1 LA (low SP)_EV331,15.5,31,33.583,3.58,44.32,35.306,3.875,44.45,35.266,8.291,46.43,62.0,25.758,40.562,3.87,25.758,40.516,0.059,49.477,56.514,62.298,2.0,2.0,triangular,1000000
Set 3.1 LA (low SP)_EV332,25.5,51,55.25,5.32,72.91,58.083,6.375,73.13,58.018,13.64,76.385,102.0,40.2,64.717,5.9,40.2,64.588,0.127,78.819,91.895,41.902,2.0,2.0,triangular,1000000
Set 3.1 LA (low SP)_EV333,23.5,47,50.917,4.93,67.2,53.528,5.875,67.39,53.467,12.57,70.394,94.0,33.211,56.773,5.47,33.211,56.6,0.179,70.054,88.644,108.603,2.0,2.0,triangular,1000000
Set 3.1 LA (low SP)_EV334,21.0,42,45.5,4.5,60.05,47.833,5.25,60.22,47.779,11.233,62.905,84.0,37.29,55.26,4.548,37.29,55.174,0.106,66.073,75.922,108.725,2.0,2.0,triangular,1000000
Set 3.1 LA (low SP)_EV335,26.0,52,56.333,5.48,74.34,59.222,6.5,74.56,59.155,13.907,77.883,104.0,44.783,66.746,5.791,44.783,66.605,0.137,80.619,92.076,101.455,2.0,2.0,triangular,1000000
Set 3.1 LA (low SP)_EV336,24.5,49,53.083,5.06,70.05,55.806,6.125,70.26,55.742,13.105,73.39,98.0,40.794,61.269,5.43,40.794,61.107,0.163,74.408,86.254,49.9,2.0,2.0,triangular,1000000
Set 3.1 LA (low SP)_EV337,19.0,38,41.167,4.12,54.33,43.278,4.75,54.49,43.229,10.163,56.914,76.0,28.68,45.72,4.585,28.68,45.553,0.202,56.944,67.845,51.448,2.0,2.0,triangular,1000000
Set 3.1 LA (low SP)_EV338,24.0,48,52.0,5.02,68.62,54.667,6.0,68.83,54.605,12.837,71.892,96.0,41.537,62.711,5.369,41.537,62.595,0.115,75.498,87.466,57.202,2.0,2.0,triangular,1000000
Set 3.1 LA (low SP)_EV339,26.0,52,56.333,5.35,74.34,59.222,6.5,74.56,59.155,13.907,77.883,104.0,40.248,65.2,6.093,40.248,65.053,0.136,79.793,93.503,91.58,2.0,2.0,triangular,1000000
Set 3.1 LA (low SP)_EV340,26.5,53,57.417,5.44,75.77,60.361,6.625,76.0,60.293,14.175,79.381,106.0,45.954,68.342,5.741,45.954,68.231,0.105,81.988,93.728,139.162,2.0,2.0,triangular,1000000
Set 3.1 LA (low SP)_EV341,25.0,50,54.167,5.22,71.48,56.944,6.25,71.69,56.88,13.372,74.887,100.0,41.284,64.961,5.337,41.284,64.859,0.103,77.667,89.85,119.799,2.0,2.0,triangular,1000000
Set 3.1 LA (low SP)_EV342,24.0,48,52.0,4.95,68.62,54.667,6.0,68.83,54.605,12.837,71.892,96.0,39.904,60.825,5.034,39.904,60.68,0.158,73.007,84.952,182.725,2.0,2.0,triangular,1000000
Set 3.1 LA (low SP)_EV343,24.0,48,52.0,5.27,68.62,54.667,6.0,68.83,54.605,12.837,71.892,96.0,40.984,61.506,5.391,40.984,61.367,0.149,74.526,87.806,192.106,2.0,2.0,triangular,1000000
Set 3.1 LA (low SP)_EV344,20.5,41,44.417,4.6,58.62,46.694,5.125,58.79,46.642,10.965,61.408,82.0,35.811,53.822,4.612,35.811,53.744,0.096,64.745,76.3,48.605,2.0,2.0,triangular,1000000
Set 3.1 LA (low SP)_EV345,26.0,52,56.333,5.53,74.34,59.222,6.5,74.56,59.155,13.907,77.883,104.0,43.062,66.603,6.11,43.062,66.487,0.101,81.074,93.633,81.601,2.0,2.0,triangular,1000000
Set 3.1 LA (low SP)_EV346,27.0,54,58.5,5.55,77.2,61.5,6.75,77.43,61.431,14.442,80.878,108.0,41.341,66.794,6.088,41.341,66.647,0.135,81.401,96.577,175.178,2.0,2.0,triangular,1000000
Set 3.1 LA (low SP)_EV347,27.0,54,58.5,5.55,77.2,61.5,6.75,77.43,61.431,14.442,80.878,108.0,43.886,68.054,5.969,43.886,67.935,0.113,82.274,95.733,162.395,2.0,2.0,triangular,1000000
Set 3.1 LA (low SP)_EV348,21.5,43,46.583,4.66,61.48,48.972,5.375,61.66,48.917,11.5,64.403,86.0,36.408,55.335,4.948,36.408,55.216,0.122,67.088,76.687,109.777,2.0,2.0,triangular,1000000
Set 3.1 LA (low SP)_EV349,27.0,54,58.5,5.56,77.2,61.5,6.75,77.43,61.431,14.442,80.878,108.0,44.897,67.826,5.836,44.897,67.657,0.162,81.962,95.295,155.764,2.0,2.0,triangular,1000000
Set 3.1 LA (low SP)_EV350,26.0,52,56.333,5.47,74.34,59.222,6.5,74.56,59.155,13.907,77.883,104.0,41.057,63.984,6.11,41.057,63.822,0.148,78.655,92.027,111.661,2.0,2.0,triangular,1000000
Set 3.1 LA (low SP)_EV351,26.0,52,56.333,5.35,74.34,59.222,6.5,74.56,59.155,13.907,77.883,104.0,42.543,66.378,5.576,42.543,66.234,0.142,79.83,91.963,117.389,2.0,2.0,triangular,1000000
Set 3.1 LA (low SP)_EV352,25.0,50,54.167,5.17,71.48,56.944,6.25,71.69,56.88,13.372,74.887,100.0,43.049,64.591,5.334,43.049,64.474,0.117,77.302,89.586,86.225,2.0,2.0,triangular,1000000
Set 3.1 LA (low SP)_EV353,28.0,56,60.667,5.73,80.06,63.778,7.0,80.3,63.706,14.977,83.874,112.0,45.507,70.891,6.081,45.507,70.757,0.124,85.453,97.913,148.293,2.0,2.0,triangular,1000000
Set 3.1 LA (low SP)_EV354,27.0,54,58.5,5.53,77.2,61.5,6.75,77.43,61.431,14.442,80.878,108.0,46.43,68.467,5.701,46.43,68.323,0.142,82.229,96.574,48.803,2.0,2.0,triangular,1000000
Set 3.1 LA (low SP)_EV355,26.5,53,57.417,5.48,75.77,60.361,6.625,76.0,60.293,14.175,79.381,106.0,43.894,67.099,5.482,43.894,66.96,0.14,80.29,93.426,131.689,2.0,2.0,triangular,1000000
Set 3.1 LA (low SP)_EV356,23.5,47,50.917,4.94,67.2,53.528,5.875,67.39,53.467,12.57,70.394,94.0,37.175,57.729,5.361,37.175,57.564,0.175,70.703,84.568,91.936,2.0,2.0,triangular,1000000
Set 3.1 LA (low SP)_EV357,22.0,44,47.667,4.57,62.91,50.111,5.5,63.09,50.054,11.768,65.901,88.0,35.893,55.716,4.882,35.893,55.593,0.14,67.413,78.802,104.198,2.0,2.0,triangular,1000000
Set 3.1 LA (low SP)_EV358,23.5,47,50.917,4.99,67.2,53.528,5.875,67.39,53.467,12.57,70.394,94.0,39.499,61.528,5.15,39.499,61.439,0.103,73.754,86.736,184.642,2.0,2.0,triangular,1000000
Set 3.1 LA (low SP)_EV359,23.5,47,50.917,4.89,67.2,53.528,5.875,67.39,53.467,12.57,70.394,94.0,37.014,58.747,5.396,37.014,58.581,0.163,71.754,83.363,60.016,2.0,2.0,triangular,1000000
Set 3.1 LA (low SP)_EV360,23.5,47,50.917,4.92,67.2,53.528,5.875,67.39,53.467,12.57,70.394,94.0,36.955,58.405,5.356,36.955,58.284,0.127,71.229,83.847,120.793,2.0,2.0,triangular,1000000
Set 3.1 LA (low SP)_EV361,28.0,56,60.667,5.73,80.06,63.778,7.0,80.3,63.706,14.977,83.874,112.0,48.874,73.798,5.906,48.874,73.726,0.069,87.685,100.012,83.31,2.0,2.0,triangular,1000000
Set 3.1 LA (low SP)_EV362,22.5,45,48.75,4.97,64.34,51.25,5.625,64.52,51.192,12.035,67.399,90.0,37.18,57.572,5.221,37.18,57.441,0.139,70.08,82.527,26.323,2.0,2.0,triangular,1000000
Set 3.1 LA (low SP)_EV363,24.5,49,53.083,5.24,70.05,55.806,6.125,70.26,55.742,13.105,73.39,98.0,38.049,61.036,5.932,38.049,60.879,0.146,75.254,88.301,116.936,2.0,2.0,triangular,1000000
Set 3.1 LA (low SP)_EV364,28.0,56,60.667,5.76,80.06,63.778,7.0,80.3,63.706,14.977,83.874,112.0,47.09,72.046,6.206,47.09,71.922,0.114,86.857,103.241,78.979,2.0,2.0,triangular,1000000
Set 3.1 LA (low SP)_EV365,28.0,56,60.667,5.79,80.06,63.778,7.0,80.3,63.706,14.977,83.874,112.0,41.877,69.442,6.423,41.877,69.263,0.152,84.934,102.51,134.457,2.0,2.0,triangular,1000000
Set 3.1 LA (low SP)_EV366,27.5,55,59.583,5.66,78.63,62.639,6.875,78.86,62.568,14.71,82.376,110.0,41.535,67.498,6.354,41.535,67.341,0.132,82.702,97.993,133.782,2.0,2.0,triangular,1000000
Set 3.1 LA (low SP)_EV367,23.0,46,49.833,5.02,65.77,52.389,5.75,65.96,52.33,12.303,68.896,92.0,36.363,58.628,5.46,36.363,58.511,0.113,71.599,84.717,39.081,2.0,2.0,triangular,1000000
Set 3.1 LA (low SP)_EV368,25.5,51,55.25,5.27,72.91,58.083,6.375,73.13,58.018,13.64,76.385,102.0,42.478,65.093,5.436,42.478,64.975,0.125,78.122,92.925,85.857,2.0,2.0,triangular,1000000
Set 3.1 LA (low SP)_EV369,25.0,50,54.167,5.2,71.48,56.944,6.25,71.69,56.88,13.372,74.887,100.0,43.035,64.624,5.358,43.035,64.509,0.124,77.439,89.841,158.791,2.0,2.0,triangular,1000000
Set 3.1 LA (low SP)_EV370,24.5,49,53.083,5.17,70.05,55.806,6.125,70.26,55.742,13.105,73.39,98.0,38.833,61.463,5.469,38.833,61.246,0.212,74.872,89.093,42.543,2.0,2.0,triangular,1000000
Set 3.1 LA (low SP)_EV371,28.0,56,60.667,5.74,80.06,63.778,7.0,80.3,63.706,14.977,83.874,112.0,44.966,69.311,6.261,44.966,69.13,0.159,84.468,99.04,110.559,2.0,2.0,triangular,1000000
Set 3.1 LA (low SP)_EV372,20.5,41,44.417,4.35,58.62,46.694,5.125,58.79,46.642,10.965,61.408,82.0,36.263,53.988,4.522,36.263,53.897,0.106,64.723,74.767,123.834,2.0,2.0,triangular,1000000
Set 3.1 LA (low SP)_EV373,20.5,41,44.417,4.48,58.62,46.694,5.125,58.79,46.642,10.965,61.408,82.0,33.966,52.827,4.674,33.966,52.733,0.115,63.936,73.895,116.328,2.0,2.0,triangular,1000000
Set 3.1 LA (low SP)_EV374,27.5,55,59.583,5.68,78.63,62.639,6.875,78.86,62.568,14.71,82.376,110.0,46.479,71.114,6.191,46.479,70.999,0.1,85.803,100.358,86.716,2.0,2.0,triangular,1000000
Set 3.1 LA (low SP)_EV375,25.5,51,55.25,5.32,72.91,58.083,6.375,73.13,58.018,13.64,76.385,102.0,39.355,62.022,5.804,39.355,61.842,0.175,76.151,90.1,71.742,2.0,2.0,triangular,1000000
Set 3.1 LA (low SP)_EV376,24.0,48,52.0,5.21,68.62,54.667,6.0,68.83,54.605,12.837,71.892,96.0,39.089,60.067,5.495,39.089,59.926,0.145,73.271,86.503,109.25,2.0,2.0,triangular,1000000
Set 3.1 LA (low SP)_EV377,21.5,43,46.583,4.76,61.48,48.972,5.375,61.66,48.917,11.5,64.403,86.0,37.272,56.879,4.997,37.272,56.809,0.077,68.582,79.071,85.552,2.0,2.0,triangular,1000000
Set 3.1 LA (low SP)_EV378,25.5,51,55.25,5.24,72.91,58.083,6.375,73.13,58.018,13.64,76.385,102.0,41.417,64.013,5.471,41.417,63.867,0.155,77.283,90.284,169.197,2.0,2.0,triangular,1000000
Set 3.1 LA (low SP)_EV379,26.5,53,57.417,5.44,75.77,60.361,6.625,76.0,60.293,14.175,79.381,106.0,46.467,68.299,5.485,46.467,68.189,0.123,81.48,93.725,93.189,2.0,2.0,triangular,1000000
Set 3.1 LA (low SP)_EV380,26.5,53,57.417,5.45,75.77,60.361,6.625,76.0,60.293,14.175,79.381,106.0,43.662,67.17,5.765,43.662,67.011,0.154,81.109,94.1,51.156,2.0,2.0,triangular,1000000
Set 3.1 LA (low SP)_EV381,26.5,53,57.417,5.57,75.77,60.361,6.625,76.0,60.293,14.175,79.381,106.0,43.279,68.182,6.059,43.279,68.08,0.086,82.474,97.507,83.212,2.0,2.0,triangular,1000000
Set 3.1 LA (low SP)_EV382,26.0,52,56.333,5.42,74.34,59.222,6.5,74.56,59.155,13.907,77.883,104.0,44.066,65.468,5.711,44.066,65.305,0.157,79.275,92.942,155.268,2.0,2.0,triangular,1000000
Set 3.1 LA (low SP)_EV383,25.5,51,55.25,5.43,72.91,58.083,6.375,73.13,58.018,13.64,76.385,102.0,40.624,64.88,5.946,40.624,64.741,0.123,79.086,94.023,92.971,2.0,2.0,triangular,1000000
Set 3.1 LA (low SP)_EV384,21.5,43,46.583,4.59,61.48,48.972,5.375,61.66,48.917,11.5,64.403,86.0,35.512,55.312,4.679,35.512,55.219,0.111,66.458,77.149,56.893,2.0,2.0,triangular,1000000
Set 3.1 LA (low SP)_EV385,28.0,56,60.667,5.73,80.06,63.778,7.0,80.3,63.706,14.977,83.874,112.0,43.193,68.804,6.592,43.193,68.63,0.143,84.606,99.004,99.676,2.0,2.0,triangular,1000000
Set 3.1 LA (low SP)_EV386,25.0,50,54.167,5.18,71.48,56.944,6.25,71.69,56.88,13.372,74.887,100.0,38.269,61.045,5.694,38.269,60.877,0.163,74.809,88.722,56.68,2.0,2.0,triangular,1000000
Set 3.1 LA (low SP)_EV387,24.5,49,53.083,5.11,70.05,55.806,6.125,70.26,55.742,13.105,73.39,98.0,39.737,61.863,5.624,39.737,61.718,0.14,75.33,88.658,69.737,2.0,2.0,triangular,1000000
Set 3.1 LA (low SP)_EV388,25.0,50,54.167,5.18,71.48,56.944,6.25,71.69,56.88,13.372,74.887,100.0,39.104,63.262,5.562,39.104,63.143,0.12,76.55,89.135,140.344,2.0,2.0,triangular,1000000
Set 3.1 LA (low SP)_EV389,25.0,50,54.167,5.21,71.48,56.944,6.25,71.69,56.88,13.372,74.887,100.0,38.943,61.316,5.676,38.943,61.131,0.184,75.107,87.897,76.585,2.0,2.0,triangular,1000000
Set 3.1 LA (low SP)_EV390,23.5,47,50.917,4.89,67.2,53.528,5.875,67.39,53.467,12.57,70.394,94.0,38.168,60.083,5.115,38.168,59.992,0.101,72.225,84.224,108.869,2.0,2.0,triangular,1000000
Set 3.1 LA (low SP)_EV391,27.5,55,59.583,5.65,78.63,62.639,6.875,78.86,62.568,14.71,82.376,110.0,42.899,68.136,5.984,42.899,67.968,0.155,82.573,96.406,115.274,2.0,2.0,triangular,1000000
Set 3.1 LA (low SP)_EV392,26.5,53,57.417,5.46,75.77,60.361,6.625,76.0,60.293,14.175,79.381,106.0,46.675,69.414,5.483,46.675,69.346,0.07,82.318,93.525,147.659,2.0,2.0,triangular,1000000
Set 3.1 LA (low SP)_EV393,27.5,55,59.583,5.63,78.63,62.639,6.875,78.86,62.568,14.71,82.376,110.0,43.274,70.398,5.952,43.274,70.259,0.128,84.655,99.738,55.654,2.0,2.0,triangular,1000000
Set 3.1 LA (low SP)_EV394,25.0,50,54.167,5.18,71.48,56.944,6.25,71.69,56.88,13.372,74.887,100.0,40.26,61.793,5.721,40.26,61.635,0.154,75.596,88.461,57.07,2.0,2.0,triangular,1000000
Set 3.1 LA (low SP)_EV395,23.0,46,49.833,4.96,65.77,52.389,5.75,65.96,52.33,12.303,68.896,92.0,34.163,55.61,5.654,34.163,55.436,0.171,69.284,80.882,80.053,2.0,2.0,triangular,1000000
Set 3.1 LA (low SP)_EV396,24.5,49,53.083,5.02,70.05,55.806,6.125,70.26,55.742,13.105,73.39,98.0,37.136,62.373,5.478,37.136,62.273,0.103,75.396,88.017,31.837,2.0,2.0,triangular,1000000
Set 3.1 LA (low SP)_EV397,26.5,53,57.417,5.44,75.77,60.361,6.625,76.0,60.293,14.175,79.381,106.0,40.898,65.306,6.102,40.898,65.103,0.181,80.131,94.645,110.187,2.0,2.0,triangular,1000000
Set 3.1 LA (low SP)_EV398,24.5,49,53.083,5.15,70.05,55.806,6.125,70.26,55.742,13.105,73.39,98.0,43.094,63.775,5.195,43.094,63.664,0.111,76.153,87.91,81.618,2.0,2.0,triangular,1000000
Set 3.1 LA (low SP)_EV399,27.0,54,58.5,5.56,77.2,61.5,6.75,77.43,61.431,14.442,80.878,108.0,40.703,65.594,6.127,40.703,65.394,0.184,80.54,94.991,136.77,2.0,2.0,triangular,1000000
Set 3.1 LA (low SP)_EV400,22.0,44,47.667,4.96,62.91,50.111,5.5,63.09,50.054,11.768,65.901,88.0,34.675,54.844,5.064,34.675,54.638,0.22,67.312,80.655,83.362,2.0,2.0,triangular,1000000
