Filepath,Optimistic,CPM,PERT,PERT SD,PERT (99%),BB/2 Mean,BB/2 SD,BB/2 (99%),Lognormal Mean,Lognormal SD,Lognormal (99%),Pessimistic,Number of Paths,Average Nodes/Path,Sim Min,Sim Mean,Sim SD,Sim Mode,Sim Median,Sim Skewness,Sim 99%,Sim Max,Sim Time (Seconds),a = ml / ,b = ml * ,Activity Distribution,Number of Simulations
Set 4.1 TF (low SP)_EV1,21.0,42,45.5,4.51,60.05,47.833,5.25,60.22,47.779,11.233,62.905,84.0,157,6.134,31.919,51.842,5.039,31.919,51.693,0.157,63.939,74.281,5.936,2.0,2.0,triangular,1000000
Set 4.1 TF (low SP)_EV2,16.0,32,34.667,3.37,45.75,36.444,4.0,45.88,36.403,8.558,47.928,64.0,180,6.25,26.496,40.151,3.544,26.496,40.031,0.189,48.779,59.081,7.214,2.0,2.0,triangular,1000000
Set 4.1 TF (low SP)_EV3,18.0,36,39.0,4.54,51.47,41.0,4.5,51.62,40.954,9.628,53.919,72.0,263,6.228,30.518,47.316,4.031,30.518,47.205,0.154,57.059,66.541,9.347,2.0,2.0,triangular,1000000
Set 4.1 TF (low SP)_EV4,19.0,38,41.167,4.43,54.33,43.278,4.75,54.49,43.229,10.163,56.914,76.0,75,5.973,28.239,45.347,4.837,28.239,45.067,0.314,57.596,68.559,3.512,2.0,2.0,triangular,1000000
Set 4.1 TF (low SP)_EV5,18.0,36,39.0,4.14,51.47,41.0,4.5,51.62,40.954,9.628,53.919,72.0,140,6.043,27.165,43.7,4.389,27.165,43.511,0.235,54.5,65.582,5.684,2.0,2.0,triangular,1000000
Set 4.1 TF (low SP)_EV6,15.0,30,32.5,3.66,42.89,34.167,3.75,43.02,34.128,8.023,44.932,60.0,238,6.172,24.37,38.262,3.61,24.37,38.095,0.245,47.222,55.129,9.09,2.0,2.0,triangular,1000000
Set 4.1 TF (low SP)_EV7,24.0,48,52.0,4.96,68.62,54.667,6.0,68.83,54.605,12.837,71.892,96.0,100,6.29,37.71,58.063,5.313,37.71,57.862,0.215,71.191,87.031,4.646,2.0,2.0,triangular,1000000
Set 4.1 TF (low SP)_EV8,20.5,41,44.417,4.38,58.62,46.694,5.125,58.79,46.642,10.965,61.408,82.0,104,6.317,33.439,51.04,4.594,33.439,50.88,0.189,62.24,74.219,4.451,2.0,2.0,triangular,1000000
Set 4.1 TF (low SP)_EV9,16.0,32,34.667,4.0,45.75,36.444,4.0,45.88,36.403,8.558,47.928,64.0,177,5.893,26.034,40.876,3.948,26.034,40.703,0.245,50.719,61.79,6.611,2.0,2.0,triangular,1000000
Set 4.1 TF (low SP)_EV10,17.0,34,36.833,4.02,48.61,38.722,4.25,48.75,38.678,9.093,50.923,68.0,173,5.988,25.163,41.071,4.621,25.163,40.852,0.243,52.396,61.733,6.749,2.0,2.0,triangular,1000000
Set 4.1 TF (low SP)_EV11,17.5,35,37.917,4.41,50.04,39.861,4.375,50.19,39.816,9.361,52.421,70.0,95,6.337,29.975,45.21,3.958,29.975,45.072,0.2,54.926,64.697,4.226,2.0,2.0,triangular,1000000
Set 4.1 TF (low SP)_EV12,19.0,38,41.167,4.34,54.33,43.278,4.75,54.49,43.229,10.163,56.914,76.0,169,5.959,27.857,46.26,4.852,27.857,46.054,0.213,58.107,68.555,6.565,2.0,2.0,triangular,1000000
Set 4.1 TF (low SP)_EV13,16.5,33,35.75,3.99,47.18,37.583,4.125,47.32,37.541,8.826,49.426,66.0,262,6.145,26.617,41.501,3.842,26.617,41.373,0.205,50.975,60.518,9.455,2.0,2.0,triangular,1000000
Set 4.1 TF (low SP)_EV14,20.0,40,43.333,4.3,57.19,45.556,5.0,57.36,45.504,10.698,59.91,80.0,102,6.461,28.297,47.518,4.916,28.297,47.316,0.225,59.63,73.435,4.57,2.0,2.0,triangular,1000000
Set 4.1 TF (low SP)_EV15,21.0,42,45.5,4.57,60.05,47.833,5.25,60.22,47.779,11.233,62.905,84.0,313,6.316,35.656,54.09,4.774,35.656,53.951,0.159,65.662,76.528,10.954,2.0,2.0,triangular,1000000
Set 4.1 TF (low SP)_EV16,21.0,42,45.5,4.61,60.05,47.833,5.25,60.22,47.779,11.233,62.905,84.0,129,5.899,31.013,49.846,5.239,31.013,49.59,0.262,62.876,74.308,5.466,2.0,2.0,triangular,1000000
Set 4.1 TF (low SP)_EV17,19.5,39,42.25,4.49,55.76,44.417,4.875,55.92,44.366,10.43,58.412,78.0,231,6.195,30.191,48.981,4.662,30.191,48.816,0.186,60.291,70.324,8.281,2.0,2.0,triangular,1000000
Set 4.1 TF (low SP)_EV18,16.5,33,35.75,4.01,47.18,37.583,4.125,47.32,37.541,8.826,49.426,66.0,100,6.47,27.073,42.121,3.755,27.073,41.982,0.206,51.374,59.87,4.544,2.0,2.0,triangular,1000000
Set 4.1 TF (low SP)_EV19,15.0,30,32.5,3.43,42.89,34.167,3.75,43.02,34.128,8.023,44.932,60.0,148,5.973,23.529,36.492,3.473,23.529,36.301,0.309,45.348,54.547,5.653,2.0,2.0,triangular,1000000
Set 4.1 TF (low SP)_EV20,16.0,32,34.667,3.72,45.75,36.444,4.0,45.88,36.403,8.558,47.928,64.0,92,6.467,25.18,39.449,3.72,25.18,39.255,0.288,48.816,58.379,4.306,2.0,2.0,triangular,1000000
Set 4.1 TF (low SP)_EV21,21.0,42,45.5,4.73,60.05,47.833,5.25,60.22,47.779,11.233,62.905,84.0,193,6.166,31.298,51.579,5.246,31.298,51.415,0.174,64.288,75.669,7.033,2.0,2.0,triangular,1000000
Set 4.1 TF (low SP)_EV22,16.0,32,34.667,3.61,45.75,36.444,4.0,45.88,36.403,8.558,47.928,64.0,337,6.407,27.583,42.113,3.522,27.583,42.008,0.167,50.66,58.887,12.002,2.0,2.0,triangular,1000000
Set 4.1 TF (low SP)_EV23,17.0,34,36.833,3.74,48.61,38.722,4.25,48.75,38.678,9.093,50.923,68.0,200,6.26,26.78,41.296,3.919,26.78,41.095,0.276,51.144,59.916,7.451,2.0,2.0,triangular,1000000
Set 4.1 TF (low SP)_EV24,16.0,32,34.667,3.86,45.75,36.444,4.0,45.88,36.403,8.558,47.928,64.0,174,6.098,28.248,42.52,3.659,28.248,42.411,0.163,51.374,59.617,6.937,2.0,2.0,triangular,1000000
Set 4.1 TF (low SP)_EV25,24.5,49,53.083,5.11,70.05,55.806,6.125,70.26,55.742,13.105,73.39,98.0,161,6.273,36.927,58.528,5.789,36.927,58.338,0.188,72.607,88.313,6.92,2.0,2.0,triangular,1000000
Set 4.1 TF (low SP)_EV26,19.0,38,41.167,4.29,54.33,43.278,4.75,54.49,43.229,10.163,56.914,76.0,180,6.028,31.243,48.289,4.485,31.243,48.166,0.147,59.052,67.88,6.864,2.0,2.0,triangular,1000000
Set 4.1 TF (low SP)_EV27,16.5,33,35.75,4.07,47.18,37.583,4.125,47.32,37.541,8.826,49.426,66.0,218,6.45,27.263,42.77,4.017,27.263,42.662,0.158,52.468,60.436,8.436,2.0,2.0,triangular,1000000
Set 4.1 TF (low SP)_EV28,20.5,41,44.417,4.52,58.62,46.694,5.125,58.79,46.642,10.965,61.408,82.0,186,6.0,33.243,51.17,4.551,33.243,51.012,0.191,62.32,73.665,6.908,2.0,2.0,triangular,1000000
Set 4.1 TF (low SP)_EV29,22.0,44,47.667,4.6,62.91,50.111,5.5,63.09,50.054,11.768,65.901,88.0,155,6.284,32.322,53.301,5.236,32.322,53.171,0.14,65.861,79.885,6.205,2.0,2.0,triangular,1000000
Set 4.1 TF (low SP)_EV30,15.0,30,32.5,3.57,42.89,34.167,3.75,43.02,34.128,8.023,44.932,60.0,136,5.912,25.649,38.352,3.667,25.649,38.172,0.251,47.367,54.458,5.502,2.0,2.0,triangular,1000000
Set 4.1 TF (low SP)_EV31,20.5,41,44.417,4.53,58.62,46.694,5.125,58.79,46.642,10.965,61.408,82.0,131,6.099,29.866,48.877,5.323,29.866,48.691,0.192,61.76,73.229,5.18,2.0,2.0,triangular,1000000
Set 4.1 TF (low SP)_EV32,20.0,40,43.333,4.24,57.19,45.556,5.0,57.36,45.504,10.698,59.91,80.0,142,5.901,32.379,49.823,4.448,32.379,49.651,0.212,60.733,73.264,5.369,2.0,2.0,triangular,1000000
Set 4.1 TF (low SP)_EV33,21.0,42,45.5,4.8,60.05,47.833,5.25,60.22,47.779,11.233,62.905,84.0,185,6.135,32.7,51.457,5.025,32.7,51.22,0.252,63.95,74.826,6.856,2.0,2.0,triangular,1000000
Set 4.1 TF (low SP)_EV34,15.0,30,32.5,3.86,42.89,34.167,3.75,43.02,34.128,8.023,44.932,60.0,145,6.31,25.938,39.56,3.332,25.938,39.456,0.184,47.734,57.358,5.997,2.0,2.0,triangular,1000000
Set 4.1 TF (low SP)_EV35,19.0,38,41.167,4.37,54.33,43.278,4.75,54.49,43.229,10.163,56.914,76.0,224,6.272,26.133,44.981,5.242,26.133,44.8,0.196,57.668,68.153,8.126,2.0,2.0,triangular,1000000
Set 4.1 TF (low SP)_EV36,20.0,40,43.333,4.4,57.19,45.556,5.0,57.36,45.504,10.698,59.91,80.0,110,5.964,28.587,47.504,5.071,28.587,47.306,0.216,59.923,70.515,4.517,2.0,2.0,triangular,1000000
Set 4.1 TF (low SP)_EV37,20.0,40,43.333,4.54,57.19,45.556,5.0,57.36,45.504,10.698,59.91,80.0,324,6.231,33.879,51.196,4.494,33.879,51.054,0.17,62.069,71.879,11.145,2.0,2.0,triangular,1000000
Set 4.1 TF (low SP)_EV38,23.5,47,50.917,4.89,67.2,53.528,5.875,67.39,53.467,12.57,70.394,94.0,176,6.227,36.422,57.939,5.553,36.422,57.775,0.164,71.354,82.776,6.914,2.0,2.0,triangular,1000000
Set 4.1 TF (low SP)_EV39,22.0,44,47.667,4.96,62.91,50.111,5.5,63.09,50.054,11.768,65.901,88.0,185,6.016,30.802,52.542,5.621,30.802,52.337,0.204,66.317,79.323,7.0,2.0,2.0,triangular,1000000
Set 4.1 TF (low SP)_EV40,23.5,47,50.917,5.02,67.2,53.528,5.875,67.39,53.467,12.57,70.394,94.0,84,6.107,33.242,56.923,5.973,33.242,56.77,0.144,71.22,84.183,3.766,2.0,2.0,triangular,1000000
Set 4.1 TF (low SP)_EV41,16.0,32,34.667,3.71,45.75,36.444,4.0,45.88,36.403,8.558,47.928,64.0,202,6.173,24.93,40.204,4.053,24.93,40.094,0.143,49.873,58.883,7.727,2.0,2.0,triangular,1000000
Set 4.1 TF (low SP)_EV42,20.5,41,44.417,4.62,58.62,46.694,5.125,58.79,46.642,10.965,61.408,82.0,113,6.018,32.981,51.427,4.543,32.981,51.248,0.22,62.655,74.845,4.649,2.0,2.0,triangular,1000000
Set 4.1 TF (low SP)_EV43,23.0,46,49.833,4.89,65.77,52.389,5.75,65.96,52.33,12.303,68.896,92.0,99,6.384,35.673,55.577,5.262,35.673,55.413,0.185,68.449,80.217,4.364,2.0,2.0,triangular,1000000
Set 4.1 TF (low SP)_EV44,18.0,36,39.0,3.91,51.47,41.0,4.5,51.62,40.954,9.628,53.919,72.0,280,6.475,29.822,46.213,4.094,29.822,46.114,0.135,56.024,65.139,10.347,2.0,2.0,triangular,1000000
Set 4.1 TF (low SP)_EV45,19.0,38,41.167,4.68,54.33,43.278,4.75,54.49,43.229,10.163,56.914,76.0,192,6.01,30.354,47.692,4.479,30.354,47.436,0.305,59.042,70.125,7.28,2.0,2.0,triangular,1000000
Set 4.1 TF (low SP)_EV46,20.5,41,44.417,4.67,58.62,46.694,5.125,58.79,46.642,10.965,61.408,82.0,125,6.0,31.098,49.335,5.215,31.098,49.127,0.216,62.118,73.114,4.867,2.0,2.0,triangular,1000000
Set 4.1 TF (low SP)_EV47,20.5,41,44.417,4.47,58.62,46.694,5.125,58.79,46.642,10.965,61.408,82.0,263,6.202,30.604,49.069,5.103,30.604,48.83,0.241,61.612,74.003,9.031,2.0,2.0,triangular,1000000
Set 4.1 TF (low SP)_EV48,25.5,51,55.25,5.3,72.91,58.083,6.375,73.13,58.018,13.64,76.385,102.0,245,6.29,34.89,59.758,6.405,34.89,59.545,0.191,75.323,93.093,8.638,2.0,2.0,triangular,1000000
Set 4.1 TF (low SP)_EV49,18.5,37,40.083,3.94,52.9,42.139,4.625,53.05,42.091,9.896,55.417,74.0,168,6.054,27.18,45.508,4.591,27.18,45.341,0.203,56.693,67.536,6.488,2.0,2.0,triangular,1000000
Set 4.1 TF (low SP)_EV50,19.0,38,41.167,4.29,54.33,43.278,4.75,54.49,43.229,10.163,56.914,76.0,400,6.36,29.244,46.362,4.693,29.244,46.152,0.236,57.91,68.895,13.698,2.0,2.0,triangular,1000000
Set 4.1 TF (low SP)_EV51,22.5,45,48.75,4.96,64.34,51.25,5.625,64.52,51.192,12.035,67.399,90.0,199,6.045,30.467,52.943,5.929,30.467,52.747,0.183,67.316,80.929,6.925,2.0,2.0,triangular,1000000
Set 4.1 TF (low SP)_EV52,19.0,38,41.167,4.36,54.33,43.278,4.75,54.49,43.229,10.163,56.914,76.0,127,6.449,33.043,49.103,4.41,33.043,48.932,0.208,59.938,68.76,5.184,2.0,2.0,triangular,1000000
Set 4.1 TF (low SP)_EV53,16.5,33,35.75,3.96,47.18,37.583,4.125,47.32,37.541,8.826,49.426,66.0,186,5.887,25.794,41.602,4.038,25.794,41.469,0.178,51.4,60.449,6.766,2.0,2.0,triangular,1000000
Set 4.1 TF (low SP)_EV54,20.5,41,44.417,4.82,58.62,46.694,5.125,58.79,46.642,10.965,61.408,82.0,131,6.137,32.584,51.298,4.916,32.584,51.074,0.242,63.436,75.564,5.271,2.0,2.0,triangular,1000000
Set 4.1 TF (low SP)_EV55,18.5,37,40.083,4.18,52.9,42.139,4.625,53.05,42.091,9.896,55.417,74.0,223,6.422,29.241,45.746,4.498,29.241,45.589,0.185,56.64,66.251,8.107,2.0,2.0,triangular,1000000
Set 4.1 TF (low SP)_EV56,19.5,39,42.25,4.37,55.76,44.417,4.875,55.92,44.366,10.43,58.412,78.0,276,6.312,29.711,47.356,4.756,29.711,47.193,0.188,58.955,69.724,9.94,2.0,2.0,triangular,1000000
Set 4.1 TF (low SP)_EV57,16.0,32,34.667,3.55,45.75,36.444,4.0,45.88,36.403,8.558,47.928,64.0,125,6.024,26.838,40.624,3.669,26.838,40.489,0.206,49.612,58.508,4.927,2.0,2.0,triangular,1000000
Set 4.1 TF (low SP)_EV58,18.0,36,39.0,3.86,51.47,41.0,4.5,51.62,40.954,9.628,53.919,72.0,182,5.907,27.53,43.324,4.382,27.53,43.175,0.189,54.008,65.041,6.761,2.0,2.0,triangular,1000000
Set 4.1 TF (low SP)_EV59,19.5,39,42.25,4.53,55.76,44.417,4.875,55.92,44.366,10.43,58.412,78.0,186,6.226,31.54,48.79,4.531,31.54,48.634,0.193,59.892,71.057,7.082,2.0,2.0,triangular,1000000
Set 4.1 TF (low SP)_EV60,25.0,50,54.167,5.17,71.48,56.944,6.25,71.69,56.88,13.372,74.887,100.0,232,5.983,35.639,59.609,6.103,35.639,59.414,0.175,74.344,87.93,7.843,2.0,2.0,triangular,1000000
Set 4.1 TF (low SP)_EV61,20.5,41,44.417,4.42,58.62,46.694,5.125,58.79,46.642,10.965,61.408,82.0,224,6.161,32.247,50.385,4.839,32.247,50.16,0.242,62.25,72.917,8.255,2.0,2.0,triangular,1000000
Set 4.1 TF (low SP)_EV62,18.5,37,40.083,4.02,52.9,42.139,4.625,53.05,42.091,9.896,55.417,74.0,101,6.366,31.147,48.248,4.281,31.147,48.166,0.111,58.447,68.435,4.52,2.0,2.0,triangular,1000000
Set 4.1 TF (low SP)_EV63,22.5,45,48.75,4.71,64.34,51.25,5.625,64.52,51.192,12.035,67.399,90.0,239,6.293,33.203,53.561,5.499,33.203,53.381,0.178,66.849,79.587,8.564,2.0,2.0,triangular,1000000
Set 4.1 TF (low SP)_EV64,21.0,42,45.5,4.72,60.05,47.833,5.25,60.22,47.779,11.233,62.905,84.0,215,6.288,32.368,51.638,5.253,32.368,51.396,0.245,64.592,76.61,7.759,2.0,2.0,triangular,1000000
Set 4.1 TF (low SP)_EV65,20.0,40,43.333,4.26,57.19,45.556,5.0,57.36,45.504,10.698,59.91,80.0,160,6.044,31.575,48.997,4.963,31.575,48.813,0.195,60.992,70.969,6.119,2.0,2.0,triangular,1000000
Set 4.1 TF (low SP)_EV66,19.5,39,42.25,4.52,55.76,44.417,4.875,55.92,44.366,10.43,58.412,78.0,275,6.2,30.59,48.162,4.874,30.59,47.988,0.2,59.999,70.873,9.672,2.0,2.0,triangular,1000000
Set 4.1 TF (low SP)_EV67,23.5,47,50.917,4.91,67.2,53.528,5.875,67.39,53.467,12.57,70.394,94.0,163,5.982,32.967,54.935,6.045,32.967,54.764,0.16,69.474,84.376,6.002,2.0,2.0,triangular,1000000
Set 4.1 TF (low SP)_EV68,17.5,35,37.917,3.98,50.04,39.861,4.375,50.19,39.816,9.361,52.421,70.0,135,6.067,26.513,43.736,4.365,26.513,43.642,0.114,54.081,62.293,5.481,2.0,2.0,triangular,1000000
Set 4.1 TF (low SP)_EV69,21.5,43,46.583,4.84,61.48,48.972,5.375,61.66,48.917,11.5,64.403,86.0,188,6.128,32.222,53.282,5.454,32.222,53.103,0.171,66.452,78.637,7.049,2.0,2.0,triangular,1000000
Set 4.1 TF (low SP)_EV70,22.5,45,48.75,4.7,64.34,51.25,5.625,64.52,51.192,12.035,67.399,90.0,301,6.116,37.307,55.904,4.925,37.307,55.719,0.206,67.981,81.768,10.065,2.0,2.0,triangular,1000000
Set 4.1 TF (low SP)_EV71,18.0,36,39.0,4.08,51.47,41.0,4.5,51.62,40.954,9.628,53.919,72.0,202,6.084,28.614,43.835,4.136,28.614,43.568,0.353,54.505,64.577,7.346,2.0,2.0,triangular,1000000
Set 4.1 TF (low SP)_EV72,24.5,49,53.083,5.09,70.05,55.806,6.125,70.26,55.742,13.105,73.39,98.0,238,6.408,38.085,59.686,5.817,38.085,59.448,0.217,73.914,86.402,8.903,2.0,2.0,triangular,1000000
Set 4.1 TF (low SP)_EV73,16.5,33,35.75,3.88,47.18,37.583,4.125,47.32,37.541,8.826,49.426,66.0,278,6.209,26.133,41.503,4.154,26.133,41.266,0.284,51.844,60.092,9.767,2.0,2.0,triangular,1000000
Set 4.1 TF (low SP)_EV74,27.0,54,58.5,5.58,77.2,61.5,6.75,77.43,61.431,14.442,80.878,108.0,96,5.979,36.122,63.25,6.74,36.122,63.023,0.184,79.6,95.358,4.021,2.0,2.0,triangular,1000000
Set 4.1 TF (low SP)_EV75,21.5,43,46.583,4.84,61.48,48.972,5.375,61.66,48.917,11.5,64.403,86.0,115,6.104,32.518,52.598,5.3,32.518,52.427,0.181,65.483,78.214,4.62,2.0,2.0,triangular,1000000
Set 4.1 TF (low SP)_EV76,18.0,36,39.0,4.08,51.47,41.0,4.5,51.62,40.954,9.628,53.919,72.0,227,6.26,28.953,45.084,4.408,28.953,44.917,0.208,55.89,65.091,8.019,2.0,2.0,triangular,1000000
Set 4.1 TF (low SP)_EV77,21.5,43,46.583,4.56,61.48,48.972,5.375,61.66,48.917,11.5,64.403,86.0,138,6.014,31.307,52.895,4.886,31.307,52.759,0.154,64.728,76.052,5.488,2.0,2.0,triangular,1000000
Set 4.1 TF (low SP)_EV78,18.0,36,39.0,4.05,51.47,41.0,4.5,51.62,40.954,9.628,53.919,72.0,167,5.964,26.691,43.418,4.377,26.691,43.245,0.225,54.196,64.845,6.441,2.0,2.0,triangular,1000000
Set 4.1 TF (low SP)_EV79,17.5,35,37.917,4.02,50.04,39.861,4.375,50.19,39.816,9.361,52.421,70.0,113,6.035,25.605,41.509,4.477,25.605,41.191,0.35,52.87,61.833,4.653,2.0,2.0,triangular,1000000
Set 4.1 TF (low SP)_EV80,21.5,43,46.583,4.88,61.48,48.972,5.375,61.66,48.917,11.5,64.403,86.0,225,6.289,31.672,51.636,5.529,31.672,51.426,0.216,65.1,80.432,7.959,2.0,2.0,triangular,1000000
Set 4.1 TF (low SP)_EV81,20.5,41,44.417,4.47,58.62,46.694,5.125,58.79,46.642,10.965,61.408,82.0,232,6.267,33.464,51.024,4.664,33.464,50.863,0.188,62.399,73.463,8.609,2.0,2.0,triangular,1000000
Set 4.1 TF (low SP)_EV82,19.5,39,42.25,4.38,55.76,44.417,4.875,55.92,44.366,10.43,58.412,78.0,207,6.024,32.613,49.343,4.424,32.613,49.193,0.189,60.107,70.603,7.396,2.0,2.0,triangular,1000000
Set 4.1 TF (low SP)_EV83,19.0,38,41.167,4.08,54.33,43.278,4.75,54.49,43.229,10.163,56.914,76.0,188,6.223,29.805,46.42,4.255,29.805,46.233,0.233,56.97,67.0,7.329,2.0,2.0,triangular,1000000
Set 4.1 TF (low SP)_EV84,20.0,40,43.333,5.0,57.19,45.556,5.0,57.36,45.504,10.698,59.91,80.0,205,6.454,33.512,51.905,4.86,33.512,51.745,0.178,63.687,74.55,7.689,2.0,2.0,triangular,1000000
Set 4.1 TF (low SP)_EV85,16.5,33,35.75,4.02,47.18,37.583,4.125,47.32,37.541,8.826,49.426,66.0,222,6.194,26.212,41.6,4.497,26.212,41.421,0.198,52.471,60.978,8.402,2.0,2.0,triangular,1000000
Set 4.1 TF (low SP)_EV86,18.0,36,39.0,4.11,51.47,41.0,4.5,51.62,40.954,9.628,53.919,72.0,167,6.263,26.048,44.773,4.348,26.048,44.614,0.195,55.377,65.73,6.465,2.0,2.0,triangular,1000000
Set 4.1 TF (low SP)_EV87,20.5,41,44.417,4.49,58.62,46.694,5.125,58.79,46.642,10.965,61.408,82.0,212,6.151,31.314,50.304,5.005,31.314,50.127,0.19,62.477,73.883,7.666,2.0,2.0,triangular,1000000
Set 4.1 TF (low SP)_EV88,22.0,44,47.667,4.6,62.91,50.111,5.5,63.09,50.054,11.768,65.901,88.0,161,6.13,32.237,53.025,5.251,32.237,52.855,0.18,65.776,80.056,6.166,2.0,2.0,triangular,1000000
Set 4.1 TF (low SP)_EV89,22.0,44,47.667,4.64,62.91,50.111,5.5,63.09,50.054,11.768,65.901,88.0,101,6.455,35.44,54.691,4.847,35.44,54.548,0.166,66.444,78.758,4.46,2.0,2.0,triangular,1000000
Set 4.1 TF (low SP)_EV90,19.0,38,41.167,4.37,54.33,43.278,4.75,54.49,43.229,10.163,56.914,76.0,197,6.477,26.233,45.289,4.997,26.233,45.058,0.245,57.571,68.293,7.493,2.0,2.0,triangular,1000000
Set 4.1 TF (low SP)_EV91,21.0,42,45.5,4.72,60.05,47.833,5.25,60.22,47.779,11.233,62.905,84.0,349,6.461,31.126,51.72,5.201,31.126,51.574,0.155,64.205,75.424,12.002,2.0,2.0,triangular,1000000
Set 4.1 TF (low SP)_EV92,23.0,46,49.833,4.78,65.77,52.389,5.75,65.96,52.33,12.303,68.896,92.0,189,6.185,32.229,54.928,5.694,32.229,54.803,0.127,68.541,83.373,7.305,2.0,2.0,triangular,1000000
Set 4.1 TF (low SP)_EV93,19.0,38,41.167,4.14,54.33,43.278,4.75,54.49,43.229,10.163,56.914,76.0,157,6.045,29.117,46.075,4.636,29.117,45.911,0.179,57.258,68.318,6.228,2.0,2.0,triangular,1000000
Set 4.1 TF (low SP)_EV94,19.0,38,41.167,4.0,54.33,43.278,4.75,54.49,43.229,10.163,56.914,76.0,236,6.148,30.762,46.779,4.321,30.762,46.596,0.227,57.435,67.298,8.694,2.0,2.0,triangular,1000000
Set 4.1 TF (low SP)_EV95,19.5,39,42.25,4.52,55.76,44.417,4.875,55.92,44.366,10.43,58.412,78.0,124,6.476,32.437,49.582,4.527,32.437,49.435,0.178,60.55,71.538,5.122,2.0,2.0,triangular,1000000
Set 4.1 TF (low SP)_EV96,19.0,38,41.167,4.37,54.33,43.278,4.75,54.49,43.229,10.163,56.914,76.0,128,6.156,27.911,46.354,5.015,27.911,46.191,0.174,58.429,68.707,5.022,2.0,2.0,triangular,1000000
Set 4.1 TF (low SP)_EV97,18.5,37,40.083,4.52,52.9,42.139,4.625,53.05,42.091,9.896,55.417,74.0,100,6.04,27.636,44.47,4.929,27.636,44.209,0.292,56.808,68.288,4.226,2.0,2.0,triangular,1000000
Set 4.1 TF (low SP)_EV98,22.0,44,47.667,4.81,62.91,50.111,5.5,63.09,50.054,11.768,65.901,88.0,183,6.027,29.844,52.094,5.816,29.844,51.905,0.179,66.158,78.481,6.724,2.0,2.0,triangular,1000000
Set 4.1 TF (low SP)_EV99,19.0,38,41.167,4.51,54.33,43.278,4.75,54.49,43.229,10.163,56.914,76.0,153,6.301,28.967,46.248,4.958,28.967,46.052,0.211,58.337,68.998,6.184,2.0,2.0,triangular,1000000
Set 4.1 TF (low SP)_EV100,17.5,35,37.917,4.21,50.04,39.861,4.375,50.19,39.816,9.361,52.421,70.0,155,6.174,26.087,42.426,4.669,26.087,42.267,0.188,53.745,64.221,6.033,2.0,2.0,triangular,1000000
Set 4.1 TF (low SP)_EV101,18.5,37,40.083,4.35,52.9,42.139,4.625,53.05,42.091,9.896,55.417,74.0,84,5.345,27.345,45.084,4.585,27.345,44.89,0.237,56.47,67.712,3.531,2.0,2.0,triangular,1000000
Set 4.1 TF (low SP)_EV102,19.5,39,42.25,4.35,55.76,44.417,4.875,55.92,44.366,10.43,58.412,78.0,57,5.667,28.654,47.231,4.923,28.654,47.085,0.164,59.104,71.226,2.889,2.0,2.0,triangular,1000000
Set 4.1 TF (low SP)_EV103,18.5,37,40.083,4.21,52.9,42.139,4.625,53.05,42.091,9.896,55.417,74.0,89,5.112,28.407,45.576,4.482,28.407,45.45,0.169,56.473,67.912,3.566,2.0,2.0,triangular,1000000
Set 4.1 TF (low SP)_EV104,17.0,34,36.833,3.55,48.61,38.722,4.25,48.75,38.678,9.093,50.923,68.0,121,5.182,25.576,41.791,3.742,25.576,41.675,0.174,50.864,60.303,4.441,2.0,2.0,triangular,1000000
Set 4.1 TF (low SP)_EV105,15.0,30,32.5,3.59,42.89,34.167,3.75,43.02,34.128,8.023,44.932,60.0,100,5.33,20.001,35.411,4.186,20.001,35.215,0.246,45.717,55.093,3.969,2.0,2.0,triangular,1000000
Set 4.1 TF (low SP)_EV106,16.5,33,35.75,4.22,47.18,37.583,4.125,47.32,37.541,8.826,49.426,66.0,102,5.284,23.87,41.079,4.19,23.87,40.902,0.24,51.49,61.833,4.028,2.0,2.0,triangular,1000000
Set 4.1 TF (low SP)_EV107,17.5,35,37.917,4.41,50.04,39.861,4.375,50.19,39.816,9.361,52.421,70.0,102,5.304,24.126,41.506,5.068,24.126,41.251,0.274,54.066,66.519,3.946,2.0,2.0,triangular,1000000
Set 4.1 TF (low SP)_EV108,21.0,42,45.5,4.8,60.05,47.833,5.25,60.22,47.779,11.233,62.905,84.0,62,5.677,32.278,52.311,5.236,32.278,52.163,0.158,64.928,77.18,3.034,2.0,2.0,triangular,1000000
Set 4.1 TF (low SP)_EV109,16.0,32,34.667,3.86,45.75,36.444,4.0,45.88,36.403,8.558,47.928,64.0,79,5.392,21.527,37.405,4.744,21.527,37.242,0.196,48.881,57.714,3.404,2.0,2.0,triangular,1000000
Set 4.1 TF (low SP)_EV110,15.0,30,32.5,3.82,42.89,34.167,3.75,43.02,34.128,8.023,44.932,60.0,93,5.204,23.524,37.298,3.764,23.524,37.13,0.257,46.71,55.637,3.756,2.0,2.0,triangular,1000000
Set 4.1 TF (low SP)_EV111,17.0,34,36.833,4.05,48.61,38.722,4.25,48.75,38.678,9.093,50.923,68.0,61,5.475,25.464,41.34,4.444,25.464,41.073,0.297,52.429,61.439,2.983,2.0,2.0,triangular,1000000
Set 4.1 TF (low SP)_EV112,16.5,33,35.75,4.12,47.18,37.583,4.125,47.32,37.541,8.826,49.426,66.0,89,5.202,20.543,39.054,4.683,20.543,38.756,0.321,50.791,60.864,3.488,2.0,2.0,triangular,1000000
Set 4.1 TF (low SP)_EV113,21.0,42,45.5,4.86,60.05,47.833,5.25,60.22,47.779,11.233,62.905,84.0,69,5.783,31.056,51.958,5.318,31.056,51.801,0.171,64.863,76.289,3.234,2.0,2.0,triangular,1000000
Set 4.1 TF (low SP)_EV114,16.0,32,34.667,4.18,45.75,36.444,4.0,45.88,36.403,8.558,47.928,64.0,75,5.547,24.575,39.399,4.192,24.575,39.187,0.293,50.02,59.523,3.392,2.0,2.0,triangular,1000000
Set 4.1 TF (low SP)_EV115,18.0,36,39.0,3.87,51.47,41.0,4.5,51.62,40.954,9.628,53.919,72.0,126,5.611,28.545,44.227,4.264,28.545,44.043,0.221,54.66,63.795,4.703,2.0,2.0,triangular,1000000
Set 4.1 TF (low SP)_EV116,21.0,42,45.5,4.66,60.05,47.833,5.25,60.22,47.779,11.233,62.905,84.0,133,5.233,27.826,49.931,5.335,27.826,49.725,0.211,63.008,75.677,4.716,2.0,2.0,triangular,1000000
Set 4.1 TF (low SP)_EV117,16.5,33,35.75,3.7,47.18,37.583,4.125,47.32,37.541,8.826,49.426,66.0,72,5.556,23.83,39.206,4.283,23.83,38.998,0.248,49.727,61.034,3.236,2.0,2.0,triangular,1000000
Set 4.1 TF (low SP)_EV118,17.0,34,36.833,4.08,48.61,38.722,4.25,48.75,38.678,9.093,50.923,68.0,103,5.262,25.808,41.311,4.424,25.808,41.126,0.224,52.14,62.668,3.997,2.0,2.0,triangular,1000000
Set 4.1 TF (low SP)_EV119,24.0,48,52.0,5.06,68.62,54.667,6.0,68.83,54.605,12.837,71.892,96.0,72,5.333,30.867,55.993,6.317,30.867,55.837,0.139,71.141,85.373,3.252,2.0,2.0,triangular,1000000
Set 4.1 TF (low SP)_EV120,21.0,42,45.5,4.33,60.05,47.833,5.25,60.22,47.779,11.233,62.905,84.0,73,5.219,31.3,50.74,5.06,31.3,50.538,0.211,63.098,74.981,3.162,2.0,2.0,triangular,1000000
Set 4.1 TF (low SP)_EV121,16.5,33,35.75,4.22,47.18,37.583,4.125,47.32,37.541,8.826,49.426,66.0,51,5.333,27.043,41.856,3.88,27.043,41.681,0.266,51.635,60.992,2.654,2.0,2.0,triangular,1000000
Set 4.1 TF (low SP)_EV122,17.5,35,37.917,4.41,50.04,39.861,4.375,50.19,39.816,9.361,52.421,70.0,102,5.373,28.177,44.68,4.326,28.177,44.549,0.165,55.166,65.094,4.024,2.0,2.0,triangular,1000000
Set 4.1 TF (low SP)_EV123,17.5,35,37.917,4.19,50.04,39.861,4.375,50.19,39.816,9.361,52.421,70.0,83,5.096,24.768,42.131,4.699,24.768,41.951,0.203,53.545,63.502,3.413,2.0,2.0,triangular,1000000
Set 4.1 TF (low SP)_EV124,16.5,33,35.75,4.22,47.18,37.583,4.125,47.32,37.541,8.826,49.426,66.0,106,5.255,24.448,40.984,4.772,24.448,40.83,0.177,52.432,62.953,3.981,2.0,2.0,triangular,1000000
Set 4.1 TF (low SP)_EV125,17.5,35,37.917,4.12,50.04,39.861,4.375,50.19,39.816,9.361,52.421,70.0,69,5.13,26.386,43.177,4.075,26.386,42.984,0.272,53.42,64.291,3.155,2.0,2.0,triangular,1000000
Set 4.1 TF (low SP)_EV126,19.5,39,42.25,4.24,55.76,44.417,4.875,55.92,44.366,10.43,58.412,78.0,82,5.39,28.104,45.818,5.04,28.104,45.607,0.223,58.154,69.743,3.46,2.0,2.0,triangular,1000000
Set 4.1 TF (low SP)_EV127,20.0,40,43.333,4.21,57.19,45.556,5.0,57.36,45.504,10.698,59.91,80.0,70,5.457,30.021,48.152,5.039,30.021,48.003,0.166,60.279,72.411,3.248,2.0,2.0,triangular,1000000
Set 4.1 TF (low SP)_EV128,20.0,40,43.333,4.57,57.19,45.556,5.0,57.36,45.504,10.698,59.91,80.0,95,5.547,29.307,48.995,5.155,29.307,48.876,0.126,61.281,73.32,3.967,2.0,2.0,triangular,1000000
Set 4.1 TF (low SP)_EV129,15.5,31,33.583,4.13,44.32,35.306,3.875,44.45,35.266,8.291,46.43,62.0,71,5.338,22.89,38.329,4.036,22.89,38.087,0.334,48.686,57.817,3.299,2.0,2.0,triangular,1000000
Set 4.1 TF (low SP)_EV130,21.5,43,46.583,4.51,61.48,48.972,5.375,61.66,48.917,11.5,64.403,86.0,103,5.311,29.7,50.731,5.461,29.7,50.595,0.146,63.795,77.543,3.992,2.0,2.0,triangular,1000000
Set 4.1 TF (low SP)_EV131,17.0,34,36.833,4.14,48.61,38.722,4.25,48.75,38.678,9.093,50.923,68.0,83,5.313,27.084,42.397,4.179,27.084,42.248,0.198,52.603,62.073,3.64,2.0,2.0,triangular,1000000
Set 4.1 TF (low SP)_EV132,16.0,32,34.667,4.08,45.75,36.444,4.0,45.88,36.403,8.558,47.928,64.0,93,5.581,25.512,40.118,4.049,25.512,39.9,0.275,50.2,59.887,3.871,2.0,2.0,triangular,1000000
Set 4.1 TF (low SP)_EV133,14.0,28,30.333,3.37,40.03,31.889,3.5,40.15,31.853,7.488,41.937,56.0,67,5.149,22.365,35.292,3.676,22.365,35.177,0.172,44.098,51.759,3.088,2.0,2.0,triangular,1000000
Set 4.1 TF (low SP)_EV134,15.0,30,32.5,3.86,42.89,34.167,3.75,43.02,34.128,8.023,44.932,60.0,96,5.135,21.522,36.953,3.971,21.522,36.746,0.28,46.879,55.605,3.714,2.0,2.0,triangular,1000000
Set 4.1 TF (low SP)_EV135,14.5,29,31.417,3.47,41.46,33.028,3.625,41.58,32.99,7.756,43.435,58.0,74,5.392,22.52,35.171,3.533,22.52,34.933,0.346,44.221,52.856,3.363,2.0,2.0,triangular,1000000
Set 4.1 TF (low SP)_EV136,21.5,43,46.583,4.98,61.48,48.972,5.375,61.66,48.917,11.5,64.403,86.0,83,5.349,27.299,50.209,6.172,27.299,50.03,0.157,65.03,79.099,3.444,2.0,2.0,triangular,1000000
Set 4.1 TF (low SP)_EV137,19.0,38,41.167,4.36,54.33,43.278,4.75,54.49,43.229,10.163,56.914,76.0,82,5.317,27.559,45.057,4.874,27.559,44.761,0.317,57.362,69.374,3.559,2.0,2.0,triangular,1000000
Set 4.1 TF (low SP)_EV138,16.0,32,34.667,3.92,45.75,36.444,4.0,45.88,36.403,8.558,47.928,64.0,79,5.367,22.473,38.247,4.28,22.473,37.968,0.333,49.076,59.108,3.434,2.0,2.0,triangular,1000000
Set 4.1 TF (low SP)_EV139,18.0,36,39.0,3.98,51.47,41.0,4.5,51.62,40.954,9.628,53.919,72.0,90,5.378,28.972,44.772,4.334,28.972,44.556,0.243,55.427,63.918,3.806,2.0,2.0,triangular,1000000
Set 4.1 TF (low SP)_EV140,17.0,34,36.833,3.76,48.61,38.722,4.25,48.75,38.678,9.093,50.923,68.0,64,5.312,26.899,42.256,4.177,26.899,42.042,0.261,52.606,61.378,3.001,2.0,2.0,triangular,1000000
Set 4.1 TF (low SP)_EV141,22.5,45,48.75,5.07,64.34,51.25,5.625,64.52,51.192,12.035,67.399,90.0,109,5.578,32.723,55.352,5.728,32.723,55.194,0.155,69.135,83.628,4.338,2.0,2.0,triangular,1000000
Set 4.1 TF (low SP)_EV142,17.5,35,37.917,4.22,50.04,39.861,4.375,50.19,39.816,9.361,52.421,70.0,101,5.317,23.222,41.49,4.97,23.222,41.306,0.209,53.542,64.39,4.014,2.0,2.0,triangular,1000000
Set 4.1 TF (low SP)_EV143,15.0,30,32.5,3.61,42.89,34.167,3.75,43.02,34.128,8.023,44.932,60.0,78,5.372,21.094,35.725,4.229,21.094,35.561,0.209,45.989,54.459,3.463,2.0,2.0,triangular,1000000
Set 4.1 TF (low SP)_EV144,23.0,46,49.833,4.81,65.77,52.389,5.75,65.96,52.33,12.303,68.896,92.0,83,5.373,32.69,53.711,5.94,32.69,53.53,0.167,68.027,80.508,3.479,2.0,2.0,triangular,1000000
Set 4.1 TF (low SP)_EV145,24.5,49,53.083,5.21,70.05,55.806,6.125,70.26,55.742,13.105,73.39,98.0,64,5.453,33.947,57.202,6.462,33.947,57.01,0.162,72.751,86.146,3.05,2.0,2.0,triangular,1000000
Set 4.1 TF (low SP)_EV146,20.0,40,43.333,4.27,57.19,45.556,5.0,57.36,45.504,10.698,59.91,80.0,72,5.347,28.277,47.765,5.056,28.277,47.63,0.147,59.919,71.004,3.246,2.0,2.0,triangular,1000000
Set 4.1 TF (low SP)_EV147,19.5,39,42.25,4.31,55.76,44.417,4.875,55.92,44.366,10.43,58.412,78.0,75,5.133,28.896,48.307,5.133,28.896,48.176,0.148,60.593,71.394,3.208,2.0,2.0,triangular,1000000
Set 4.1 TF (low SP)_EV148,17.0,34,36.833,4.11,48.61,38.722,4.25,48.75,38.678,9.093,50.923,68.0,80,5.562,25.17,40.737,4.41,25.17,40.449,0.341,51.965,61.668,3.439,2.0,2.0,triangular,1000000
Set 4.1 TF (low SP)_EV149,23.0,46,49.833,4.81,65.77,52.389,5.75,65.96,52.33,12.303,68.896,92.0,81,5.58,32.444,53.89,5.866,32.444,53.719,0.164,68.019,81.0,3.471,2.0,2.0,triangular,1000000
Set 4.1 TF (low SP)_EV150,22.5,45,48.75,5.07,64.34,51.25,5.625,64.52,51.192,12.035,67.399,90.0,71,5.408,30.611,52.806,6.112,30.611,52.605,0.187,67.615,80.688,3.2,2.0,2.0,triangular,1000000
Set 4.1 TF (low SP)_EV151,13.5,27,29.25,3.31,38.6,30.75,3.375,38.71,30.715,7.221,40.439,54.0,108,5.278,20.326,33.346,3.518,20.326,33.185,0.234,41.972,49.193,4.236,2.0,2.0,triangular,1000000
Set 4.1 TF (low SP)_EV152,23.0,46,49.833,4.97,65.77,52.389,5.75,65.96,52.33,12.303,68.896,92.0,111,5.306,31.94,54.912,5.878,31.94,54.764,0.146,69.016,82.552,4.207,2.0,2.0,triangular,1000000
Set 4.1 TF (low SP)_EV153,16.5,33,35.75,3.68,47.18,37.583,4.125,47.32,37.541,8.826,49.426,66.0,67,5.164,25.173,40.718,3.914,25.173,40.583,0.179,50.172,58.533,3.129,2.0,2.0,triangular,1000000
Set 4.1 TF (low SP)_EV154,15.0,30,32.5,3.72,42.89,34.167,3.75,43.02,34.128,8.023,44.932,60.0,147,5.395,25.026,38.507,3.669,25.026,38.301,0.292,47.719,55.267,5.205,2.0,2.0,triangular,1000000
Set 4.1 TF (low SP)_EV155,24.5,49,53.083,5.12,70.05,55.806,6.125,70.26,55.742,13.105,73.39,98.0,66,5.515,34.293,57.338,6.239,34.293,57.153,0.165,72.405,87.818,3.069,2.0,2.0,triangular,1000000
Set 4.1 TF (low SP)_EV156,21.5,43,46.583,4.88,61.48,48.972,5.375,61.66,48.917,11.5,64.403,86.0,96,5.333,33.532,52.134,5.513,33.532,51.854,0.263,65.753,78.358,3.888,2.0,2.0,triangular,1000000
Set 4.1 TF (low SP)_EV157,18.0,36,39.0,4.37,51.47,41.0,4.5,51.62,40.954,9.628,53.919,72.0,64,5.625,27.182,44.472,4.778,27.182,44.275,0.217,56.122,66.764,2.993,2.0,2.0,triangular,1000000
Set 4.1 TF (low SP)_EV158,18.5,37,40.083,4.15,52.9,42.139,4.625,53.05,42.091,9.896,55.417,74.0,79,5.177,25.877,43.497,4.961,25.877,43.288,0.223,55.569,66.25,3.358,2.0,2.0,triangular,1000000
Set 4.1 TF (low SP)_EV159,14.5,29,31.417,3.67,41.46,33.028,3.625,41.58,32.99,7.756,43.435,58.0,88,5.148,23.775,37.116,3.629,23.775,37.002,0.17,45.879,53.817,3.675,2.0,2.0,triangular,1000000
Set 4.1 TF (low SP)_EV160,21.5,43,46.583,4.68,61.48,48.972,5.375,61.66,48.917,11.5,64.403,86.0,73,5.575,29.009,50.328,5.696,29.009,50.116,0.199,64.135,76.249,3.234,2.0,2.0,triangular,1000000
Set 4.1 TF (low SP)_EV161,17.5,35,37.917,3.9,50.04,39.861,4.375,50.19,39.816,9.361,52.421,70.0,107,5.346,26.812,44.167,4.167,26.812,44.041,0.161,54.199,62.94,4.158,2.0,2.0,triangular,1000000
Set 4.1 TF (low SP)_EV162,20.0,40,43.333,4.6,57.19,45.556,5.0,57.36,45.504,10.698,59.91,80.0,89,5.416,29.198,47.752,5.263,29.198,47.524,0.231,60.645,71.54,3.704,2.0,2.0,triangular,1000000
Set 4.1 TF (low SP)_EV163,16.5,33,35.75,4.22,47.18,37.583,4.125,47.32,37.541,8.826,49.426,66.0,108,5.213,25.235,40.762,4.265,25.235,40.526,0.296,51.529,61.869,4.288,2.0,2.0,triangular,1000000
Set 4.1 TF (low SP)_EV164,20.5,41,44.417,4.26,58.62,46.694,5.125,58.79,46.642,10.965,61.408,82.0,87,5.299,28.129,48.714,4.988,28.129,48.563,0.167,60.765,72.074,3.612,2.0,2.0,triangular,1000000
Set 4.1 TF (low SP)_EV165,17.5,35,37.917,4.45,50.04,39.861,4.375,50.19,39.816,9.361,52.421,70.0,56,5.607,25.89,43.252,4.728,25.89,43.078,0.196,54.734,64.815,2.841,2.0,2.0,triangular,1000000
Set 4.1 TF (low SP)_EV166,21.5,43,46.583,4.58,61.48,48.972,5.375,61.66,48.917,11.5,64.403,86.0,72,5.542,32.055,51.007,5.274,32.055,50.783,0.231,63.987,76.929,3.364,2.0,2.0,triangular,1000000
Set 4.1 TF (low SP)_EV167,22.0,44,47.667,4.64,62.91,50.111,5.5,63.09,50.054,11.768,65.901,88.0,100,5.57,33.3,52.291,5.197,33.3,52.04,0.26,65.243,77.852,4.109,2.0,2.0,triangular,1000000
Set 4.1 TF (low SP)_EV168,21.5,43,46.583,4.62,61.48,48.972,5.375,61.66,48.917,11.5,64.403,86.0,71,5.958,32.54,51.705,5.257,32.54,51.506,0.203,64.518,77.132,3.331,2.0,2.0,triangular,1000000
Set 4.1 TF (low SP)_EV169,18.5,37,40.083,4.35,52.9,42.139,4.625,53.05,42.091,9.896,55.417,74.0,65,5.6,26.287,44.89,4.937,26.287,44.724,0.175,56.791,67.498,3.143,2.0,2.0,triangular,1000000
Set 4.1 TF (low SP)_EV170,18.5,37,40.083,4.67,52.9,42.139,4.625,53.05,42.091,9.896,55.417,74.0,78,5.641,27.921,45.193,4.954,27.921,45.006,0.208,57.331,68.223,3.458,2.0,2.0,triangular,1000000
Set 4.1 TF (low SP)_EV171,19.0,38,41.167,4.77,54.33,43.278,4.75,54.49,43.229,10.163,56.914,76.0,57,5.526,29.646,47.375,4.687,29.646,47.156,0.258,59.095,70.701,2.857,2.0,2.0,triangular,1000000
Set 4.1 TF (low SP)_EV172,19.5,39,42.25,4.38,55.76,44.417,4.875,55.92,44.366,10.43,58.412,78.0,81,5.296,28.996,47.068,4.982,28.996,46.869,0.219,59.288,71.48,3.497,2.0,2.0,triangular,1000000
Set 4.1 TF (low SP)_EV173,21.5,43,46.583,4.93,61.48,48.972,5.375,61.66,48.917,11.5,64.403,86.0,89,5.382,29.54,51.763,5.612,29.54,51.605,0.16,65.302,80.521,3.643,2.0,2.0,triangular,1000000
Set 4.1 TF (low SP)_EV174,17.0,34,36.833,4.17,48.61,38.722,4.25,48.75,38.678,9.093,50.923,68.0,92,5.272,27.062,42.805,4.306,27.062,42.624,0.225,53.341,62.795,3.704,2.0,2.0,triangular,1000000
Set 4.1 TF (low SP)_EV175,22.5,45,48.75,4.8,64.34,51.25,5.625,64.52,51.192,12.035,67.399,90.0,98,5.388,31.118,53.36,5.801,31.118,53.191,0.157,67.255,78.685,4.045,2.0,2.0,triangular,1000000
Set 4.1 TF (low SP)_EV176,19.5,39,42.25,4.47,55.76,44.417,4.875,55.92,44.366,10.43,58.412,78.0,95,5.305,28.832,48.12,4.945,28.832,47.997,0.139,59.965,71.753,3.745,2.0,2.0,triangular,1000000
Set 4.1 TF (low SP)_EV177,19.0,38,41.167,4.36,54.33,43.278,4.75,54.49,43.229,10.163,56.914,76.0,81,5.284,27.449,46.756,4.889,27.449,46.628,0.138,58.414,70.072,3.46,2.0,2.0,triangular,1000000
Set 4.1 TF (low SP)_EV178,20.0,40,43.333,4.78,57.19,45.556,5.0,57.36,45.504,10.698,59.91,80.0,85,5.388,31.153,49.51,5.03,31.153,49.282,0.239,61.944,73.938,3.601,2.0,2.0,triangular,1000000
Set 4.1 TF (low SP)_EV179,20.5,41,44.417,4.29,58.62,46.694,5.125,58.79,46.642,10.965,61.408,82.0,73,5.616,29.827,49.13,5.097,29.827,48.938,0.201,61.537,73.847,3.447,2.0,2.0,triangular,1000000
Set 4.1 TF (low SP)_EV180,19.5,39,42.25,4.32,55.76,44.417,4.875,55.92,44.366,10.43,58.412,78.0,121,5.479,28.563,46.368,4.926,28.563,46.137,0.246,58.572,69.114,4.56,2.0,2.0,triangular,1000000
Set 4.1 TF (low SP)_EV181,18.5,37,40.083,4.42,52.9,42.139,4.625,53.05,42.091,9.896,55.417,74.0,90,5.133,28.075,45.646,4.828,28.075,45.483,0.179,57.305,69.071,3.647,2.0,2.0,triangular,1000000
Set 4.1 TF (low SP)_EV182,13.5,27,29.25,3.23,38.6,30.75,3.375,38.71,30.715,7.221,40.439,54.0,63,5.254,20.375,33.968,3.726,20.375,33.839,0.186,42.947,50.043,2.965,2.0,2.0,triangular,1000000
Set 4.1 TF (low SP)_EV183,16.5,33,35.75,3.93,47.18,37.583,4.125,47.32,37.541,8.826,49.426,66.0,62,5.661,23.583,40.596,4.379,23.583,40.436,0.185,51.115,61.037,2.921,2.0,2.0,triangular,1000000
Set 4.1 TF (low SP)_EV184,21.0,42,45.5,4.47,60.05,47.833,5.25,60.22,47.779,11.233,62.905,84.0,92,5.533,32.448,50.925,5.168,32.448,50.739,0.196,63.453,76.237,3.822,2.0,2.0,triangular,1000000
Set 4.1 TF (low SP)_EV185,15.0,30,32.5,3.34,42.89,34.167,3.75,43.02,34.128,8.023,44.932,60.0,84,5.036,23.431,36.638,3.727,23.431,36.515,0.173,45.59,53.701,3.427,2.0,2.0,triangular,1000000
Set 4.1 TF (low SP)_EV186,17.5,35,37.917,4.12,50.04,39.861,4.375,50.19,39.816,9.361,52.421,70.0,62,5.403,26.741,42.082,4.351,26.741,41.819,0.329,53.156,63.639,2.937,2.0,2.0,triangular,1000000
Set 4.1 TF (low SP)_EV187,19.5,39,42.25,4.24,55.76,44.417,4.875,55.92,44.366,10.43,58.412,78.0,61,5.59,28.572,46.121,4.827,28.572,45.874,0.268,58.143,68.183,3.022,2.0,2.0,triangular,1000000
Set 4.1 TF (low SP)_EV188,18.0,36,39.0,4.23,51.47,41.0,4.5,51.62,40.954,9.628,53.919,72.0,103,5.408,24.959,43.722,4.74,24.959,43.569,0.177,55.171,64.88,4.046,2.0,2.0,triangular,1000000
Set 4.1 TF (low SP)_EV189,20.0,40,43.333,4.62,57.19,45.556,5.0,57.36,45.504,10.698,59.91,80.0,73,5.356,27.893,47.562,5.222,27.893,47.251,0.299,60.652,73.331,3.253,2.0,2.0,triangular,1000000
Set 4.1 TF (low SP)_EV190,17.0,34,36.833,3.66,48.61,38.722,4.25,48.75,38.678,9.093,50.923,68.0,88,5.341,25.735,41.217,4.136,25.735,41.015,0.245,51.361,63.118,3.588,2.0,2.0,triangular,1000000
Set 4.1 TF (low SP)_EV191,14.0,28,30.333,3.72,40.03,31.889,3.5,40.15,31.853,7.488,41.937,56.0,73,5.589,22.163,35.486,3.598,22.163,35.334,0.232,44.393,52.705,3.343,2.0,2.0,triangular,1000000
Set 4.1 TF (low SP)_EV192,16.5,33,35.75,3.96,47.18,37.583,4.125,47.32,37.541,8.826,49.426,66.0,71,5.465,25.0,40.505,4.249,25.0,40.337,0.212,50.868,59.393,3.24,2.0,2.0,triangular,1000000
Set 4.1 TF (low SP)_EV193,17.5,35,37.917,4.13,50.04,39.861,4.375,50.19,39.816,9.361,52.421,70.0,68,5.441,28.318,44.232,4.216,28.318,44.056,0.214,54.547,64.497,3.16,2.0,2.0,triangular,1000000
Set 4.1 TF (low SP)_EV194,14.5,29,31.417,3.78,41.46,33.028,3.625,41.58,32.99,7.756,43.435,58.0,67,5.493,21.323,36.876,3.931,21.323,36.736,0.176,46.305,54.225,3.1,2.0,2.0,triangular,1000000
Set 4.1 TF (low SP)_EV195,21.5,43,46.583,4.63,61.48,48.972,5.375,61.66,48.917,11.5,64.403,86.0,93,5.172,30.476,52.294,5.455,30.476,52.17,0.125,65.348,77.067,3.647,2.0,2.0,triangular,1000000
Set 4.1 TF (low SP)_EV196,17.5,35,37.917,4.39,50.04,39.861,4.375,50.19,39.816,9.361,52.421,70.0,68,5.221,26.25,42.652,4.702,26.25,42.441,0.248,54.235,64.855,3.103,2.0,2.0,triangular,1000000
Set 4.1 TF (low SP)_EV197,17.0,34,36.833,3.97,48.61,38.722,4.25,48.75,38.678,9.093,50.923,68.0,106,5.358,25.997,41.551,4.403,25.997,41.332,0.254,52.424,62.32,4.22,2.0,2.0,triangular,1000000
Set 4.1 TF (low SP)_EV198,15.5,31,33.583,3.56,44.32,35.306,3.875,44.45,35.266,8.291,46.43,62.0,44,5.477,23.136,38.029,3.986,23.136,37.837,0.221,47.714,55.347,2.478,2.0,2.0,triangular,1000000
Set 4.1 TF (low SP)_EV199,22.0,44,47.667,4.81,62.91,50.111,5.5,63.09,50.054,11.768,65.901,88.0,61,5.443,30.087,52.407,5.803,30.087,52.246,0.153,66.314,78.321,2.944,2.0,2.0,triangular,1000000
Set 4.1 TF (low SP)_EV200,15.0,30,32.5,3.84,42.89,34.167,3.75,43.02,34.128,8.023,44.932,60.0,109,5.11,23.933,37.908,3.748,23.933,37.754,0.223,47.177,54.65,4.039,2.0,2.0,triangular,1000000
Set 4.1 TF (low SP)_EV201,17.5,35,37.917,4.28,50.04,39.861,4.375,50.19,39.816,9.361,52.421,70.0,44,4.795,25.38,42.415,4.851,25.38,42.223,0.208,54.171,64.616,2.282,2.0,2.0,triangular,1000000
Set 4.1 TF (low SP)_EV202,20.0,40,43.333,4.73,57.19,45.556,5.0,57.36,45.504,10.698,59.91,80.0,34,4.882,28.074,47.594,5.438,28.074,47.418,0.191,60.836,73.176,2.072,2.0,2.0,triangular,1000000
Set 4.1 TF (low SP)_EV203,15.5,31,33.583,3.96,44.32,35.306,3.875,44.45,35.266,8.291,46.43,62.0,45,4.622,22.122,37.259,4.274,22.122,37.025,0.29,48.015,56.277,2.266,2.0,2.0,triangular,1000000
Set 4.1 TF (low SP)_EV204,14.0,28,30.333,3.72,40.03,31.889,3.5,40.15,31.853,7.488,41.937,56.0,43,4.628,21.211,35.329,3.922,21.211,35.136,0.245,44.949,52.081,2.274,2.0,2.0,triangular,1000000
Set 4.1 TF (low SP)_EV205,16.5,33,35.75,3.56,47.18,37.583,4.125,47.32,37.541,8.826,49.426,66.0,43,4.767,23.492,38.642,4.289,23.492,38.461,0.225,49.118,59.218,2.233,2.0,2.0,triangular,1000000
Set 4.1 TF (low SP)_EV206,17.5,35,37.917,3.85,50.04,39.861,4.375,50.19,39.816,9.361,52.421,70.0,48,4.854,24.189,41.484,4.526,24.189,41.342,0.167,52.387,61.465,2.419,2.0,2.0,triangular,1000000
Set 4.1 TF (low SP)_EV207,21.0,42,45.5,4.4,60.05,47.833,5.25,60.22,47.779,11.233,62.905,84.0,44,4.909,26.858,48.993,5.488,26.858,48.856,0.132,62.125,74.477,2.336,2.0,2.0,triangular,1000000
Set 4.1 TF (low SP)_EV208,14.5,29,31.417,3.6,41.46,33.028,3.625,41.58,32.99,7.756,43.435,58.0,33,4.788,19.796,34.588,4.146,19.796,34.406,0.221,44.658,53.134,2.004,2.0,2.0,triangular,1000000
Set 4.1 TF (low SP)_EV209,13.5,27,29.25,3.27,38.6,30.75,3.375,38.71,30.715,7.221,40.439,54.0,32,4.938,20.715,33.627,3.709,20.715,33.469,0.196,42.471,49.019,1.959,2.0,2.0,triangular,1000000
Set 4.1 TF (low SP)_EV210,13.5,27,29.25,3.29,38.6,30.75,3.375,38.71,30.715,7.221,40.439,54.0,47,4.617,18.856,32.614,3.513,18.856,32.438,0.259,41.352,48.894,2.318,2.0,2.0,triangular,1000000
Set 4.1 TF (low SP)_EV211,14.0,28,30.333,3.67,40.03,31.889,3.5,40.15,31.853,7.488,41.937,56.0,48,4.708,20.791,34.736,3.906,20.791,34.548,0.259,44.442,52.87,2.41,2.0,2.0,triangular,1000000
Set 4.1 TF (low SP)_EV212,18.0,36,39.0,4.33,51.47,41.0,4.5,51.62,40.954,9.628,53.919,72.0,50,4.74,26.008,44.651,5.208,26.008,44.42,0.22,57.288,68.27,2.458,2.0,2.0,triangular,1000000
Set 4.1 TF (low SP)_EV213,19.0,38,41.167,4.2,54.33,43.278,4.75,54.49,43.229,10.163,56.914,76.0,51,4.686,25.531,44.381,5.187,25.531,44.228,0.165,56.875,70.225,2.376,2.0,2.0,triangular,1000000
Set 4.1 TF (low SP)_EV214,15.5,31,33.583,3.85,44.32,35.306,3.875,44.45,35.266,8.291,46.43,62.0,43,4.698,22.245,38.204,4.604,22.245,37.976,0.249,49.504,57.192,2.317,2.0,2.0,triangular,1000000
Set 4.1 TF (low SP)_EV215,18.0,36,39.0,3.98,51.47,41.0,4.5,51.62,40.954,9.628,53.919,72.0,56,4.732,24.037,42.007,4.958,24.037,41.86,0.16,53.896,64.084,2.54,2.0,2.0,triangular,1000000
Set 4.1 TF (low SP)_EV216,18.0,36,39.0,4.32,51.47,41.0,4.5,51.62,40.954,9.628,53.919,72.0,49,4.918,23.045,42.13,5.249,23.045,41.928,0.215,54.907,66.547,2.508,2.0,2.0,triangular,1000000
Set 4.1 TF (low SP)_EV217,16.5,33,35.75,4.12,47.18,37.583,4.125,47.32,37.541,8.826,49.426,66.0,54,4.704,22.87,39.601,4.828,22.87,39.449,0.173,51.199,60.885,2.503,2.0,2.0,triangular,1000000
Set 4.1 TF (low SP)_EV218,16.0,32,34.667,3.82,45.75,36.444,4.0,45.88,36.403,8.558,47.928,64.0,50,4.7,22.983,38.705,4.314,22.983,38.553,0.19,49.162,58.499,2.465,2.0,2.0,triangular,1000000
Set 4.1 TF (low SP)_EV219,19.5,39,42.25,4.21,55.76,44.417,4.875,55.92,44.366,10.43,58.412,78.0,33,4.939,26.71,45.502,5.237,26.71,45.366,0.144,58.031,70.055,2.07,2.0,2.0,triangular,1000000
Set 4.1 TF (low SP)_EV220,22.0,44,47.667,4.62,62.91,50.111,5.5,63.09,50.054,11.768,65.901,88.0,53,4.717,28.58,51.333,5.768,28.58,51.188,0.133,65.122,78.363,2.511,2.0,2.0,triangular,1000000
Set 4.1 TF (low SP)_EV221,20.5,41,44.417,4.56,58.62,46.694,5.125,58.79,46.642,10.965,61.408,82.0,39,4.872,29.835,48.274,5.361,29.835,48.036,0.236,61.437,72.414,2.18,2.0,2.0,triangular,1000000
Set 4.1 TF (low SP)_EV222,15.5,31,33.583,3.98,44.32,35.306,3.875,44.45,35.266,8.291,46.43,62.0,39,4.718,21.352,37.408,4.411,21.352,37.229,0.221,48.199,57.649,2.183,2.0,2.0,triangular,1000000
Set 4.1 TF (low SP)_EV223,12.0,24,26.0,3.32,34.31,27.333,3.0,34.41,27.302,6.419,35.946,48.0,53,4.849,18.815,31.425,3.308,18.815,31.288,0.215,39.494,46.622,2.587,2.0,2.0,triangular,1000000
Set 4.1 TF (low SP)_EV224,13.5,27,29.25,3.63,38.6,30.75,3.375,38.71,30.715,7.221,40.439,54.0,40,4.675,20.357,32.99,3.745,20.357,32.717,0.349,42.485,49.881,2.192,2.0,2.0,triangular,1000000
Set 4.1 TF (low SP)_EV225,21.0,42,45.5,4.86,60.05,47.833,5.25,60.22,47.779,11.233,62.905,84.0,44,4.705,30.75,51.043,5.609,30.75,50.884,0.16,64.498,75.32,2.319,2.0,2.0,triangular,1000000
Set 4.1 TF (low SP)_EV226,19.5,39,42.25,4.24,55.76,44.417,4.875,55.92,44.366,10.43,58.412,78.0,37,5.054,26.764,45.506,5.28,26.764,45.366,0.148,58.149,69.381,2.226,2.0,2.0,triangular,1000000
Set 4.1 TF (low SP)_EV227,17.0,34,36.833,4.2,48.61,38.722,4.25,48.75,38.678,9.093,50.923,68.0,34,4.676,24.814,41.107,4.406,24.814,40.878,0.285,52.207,62.607,2.054,2.0,2.0,triangular,1000000
Set 4.1 TF (low SP)_EV228,16.0,32,34.667,3.97,45.75,36.444,4.0,45.88,36.403,8.558,47.928,64.0,46,4.783,21.621,37.795,4.719,21.621,37.616,0.21,49.252,58.645,2.37,2.0,2.0,triangular,1000000
Set 4.1 TF (low SP)_EV229,20.5,41,44.417,4.66,58.62,46.694,5.125,58.79,46.642,10.965,61.408,82.0,45,4.6,27.641,47.9,5.725,27.641,47.685,0.204,61.769,73.668,2.234,2.0,2.0,triangular,1000000
Set 4.1 TF (low SP)_EV230,18.5,37,40.083,4.34,52.9,42.139,4.625,53.05,42.091,9.896,55.417,74.0,47,4.851,25.442,43.724,5.153,25.442,43.552,0.185,56.181,67.518,2.441,2.0,2.0,triangular,1000000
Set 4.1 TF (low SP)_EV231,21.0,42,45.5,4.61,60.05,47.833,5.25,60.22,47.779,11.233,62.905,84.0,53,4.849,28.326,50.791,5.553,28.326,50.675,0.112,63.947,75.635,2.56,2.0,2.0,triangular,1000000
Set 4.1 TF (low SP)_EV232,14.0,28,30.333,3.82,40.03,31.889,3.5,40.15,31.853,7.488,41.937,56.0,43,4.791,19.69,35.063,4.246,19.69,34.884,0.203,45.296,52.227,2.301,2.0,2.0,triangular,1000000
Set 4.1 TF (low SP)_EV233,14.0,28,30.333,3.0,40.03,31.889,3.5,40.15,31.853,7.488,41.937,56.0,40,4.75,21.031,34.326,3.589,21.031,34.19,0.198,43.006,50.235,2.244,2.0,2.0,triangular,1000000
Set 4.1 TF (low SP)_EV234,17.5,35,37.917,3.8,50.04,39.861,4.375,50.19,39.816,9.361,52.421,70.0,52,4.808,25.98,41.477,4.4,25.98,41.305,0.212,52.238,63.261,2.479,2.0,2.0,triangular,1000000
Set 4.1 TF (low SP)_EV235,16.0,32,34.667,3.72,45.75,36.444,4.0,45.88,36.403,8.558,47.928,64.0,49,4.816,22.568,37.94,4.372,22.568,37.794,0.187,48.527,58.209,2.48,2.0,2.0,triangular,1000000
Set 4.1 TF (low SP)_EV236,17.5,35,37.917,3.83,50.04,39.861,4.375,50.19,39.816,9.361,52.421,70.0,34,5.0,23.914,40.856,4.761,23.914,40.711,0.16,52.255,63.011,2.07,2.0,2.0,triangular,1000000
Set 4.1 TF (low SP)_EV237,20.0,40,43.333,4.58,57.19,45.556,5.0,57.36,45.504,10.698,59.91,80.0,49,4.816,26.959,46.767,5.581,26.959,46.536,0.219,60.36,73.567,2.463,2.0,2.0,triangular,1000000
Set 4.1 TF (low SP)_EV238,16.0,32,34.667,3.79,45.75,36.444,4.0,45.88,36.403,8.558,47.928,64.0,36,4.694,24.601,39.701,4.06,24.601,39.572,0.17,49.496,58.807,2.132,2.0,2.0,triangular,1000000
Set 4.1 TF (low SP)_EV239,16.5,33,35.75,4.24,47.18,37.583,4.125,47.32,37.541,8.826,49.426,66.0,53,5.094,24.153,40.784,4.57,24.153,40.521,0.296,52.247,62.347,2.522,2.0,2.0,triangular,1000000
Set 4.1 TF (low SP)_EV240,16.0,32,34.667,3.71,45.75,36.444,4.0,45.88,36.403,8.558,47.928,64.0,55,4.6,22.701,37.574,4.394,22.701,37.328,0.283,48.447,58.273,2.525,2.0,2.0,triangular,1000000
Set 4.1 TF (low SP)_EV241,17.5,35,37.917,4.18,50.04,39.861,4.375,50.19,39.816,9.361,52.421,70.0,43,4.628,23.049,40.864,5.173,23.049,40.701,0.178,53.316,63.521,2.233,2.0,2.0,triangular,1000000
Set 4.1 TF (low SP)_EV242,16.5,33,35.75,4.01,47.18,37.583,4.125,47.32,37.541,8.826,49.426,66.0,51,4.745,22.706,39.977,4.632,22.706,39.812,0.184,51.128,59.627,2.579,2.0,2.0,triangular,1000000
Set 4.1 TF (low SP)_EV243,18.5,37,40.083,3.9,52.9,42.139,4.625,53.05,42.091,9.896,55.417,74.0,40,4.675,27.763,44.594,4.384,27.763,44.444,0.186,55.24,67.379,2.225,2.0,2.0,triangular,1000000
Set 4.1 TF (low SP)_EV244,12.5,25,27.083,3.65,35.74,28.472,3.125,35.85,28.44,6.686,37.444,50.0,50,4.72,19.94,30.906,3.442,19.94,30.577,0.501,40.139,48.337,2.481,2.0,2.0,triangular,1000000
Set 4.1 TF (low SP)_EV245,14.0,28,30.333,3.76,40.03,31.889,3.5,40.15,31.853,7.488,41.937,56.0,44,4.795,20.343,34.361,4.04,20.343,34.201,0.207,44.172,52.725,2.313,2.0,2.0,triangular,1000000
Set 4.1 TF (low SP)_EV246,16.0,32,34.667,3.81,45.75,36.444,4.0,45.88,36.403,8.558,47.928,64.0,58,4.569,23.749,38.457,4.146,23.749,38.271,0.245,48.747,58.367,2.559,2.0,2.0,triangular,1000000
Set 4.1 TF (low SP)_EV247,17.5,35,37.917,3.93,50.04,39.861,4.375,50.19,39.816,9.361,52.421,70.0,48,4.708,26.588,41.626,4.346,26.588,41.374,0.302,52.57,62.098,2.362,2.0,2.0,triangular,1000000
Set 4.1 TF (low SP)_EV248,11.5,23,24.917,2.9,32.88,26.194,2.875,32.98,26.165,6.151,34.448,46.0,36,4.778,17.677,28.201,3.094,17.677,28.005,0.309,35.915,42.264,2.051,2.0,2.0,triangular,1000000
Set 4.1 TF (low SP)_EV249,13.0,26,28.167,3.2,37.17,29.611,3.25,37.28,29.578,6.954,38.941,52.0,42,4.81,18.034,30.863,3.671,18.034,30.662,0.279,39.912,47.3,2.251,2.0,2.0,triangular,1000000
Set 4.1 TF (low SP)_EV250,13.5,27,29.25,3.29,38.6,30.75,3.375,38.71,30.715,7.221,40.439,54.0,51,4.647,19.522,33.667,3.77,19.522,33.568,0.146,42.642,49.453,2.465,2.0,2.0,triangular,1000000
Set 4.1 TF (low SP)_EV251,15.5,31,33.583,4.21,44.32,35.306,3.875,44.45,35.266,8.291,46.43,62.0,56,4.679,21.262,38.93,4.699,21.262,38.796,0.143,50.104,58.41,2.534,2.0,2.0,triangular,1000000
Set 4.1 TF (low SP)_EV252,19.0,38,41.167,4.02,54.33,43.278,4.75,54.49,43.229,10.163,56.914,76.0,41,4.634,26.746,44.878,4.69,26.746,44.696,0.21,56.348,67.193,2.253,2.0,2.0,triangular,1000000
Set 4.1 TF (low SP)_EV253,17.5,35,37.917,3.7,50.04,39.861,4.375,50.19,39.816,9.361,52.421,70.0,35,4.829,25.162,41.316,4.336,25.162,41.161,0.199,51.893,61.336,2.112,2.0,2.0,triangular,1000000
Set 4.1 TF (low SP)_EV254,19.5,39,42.25,4.49,55.76,44.417,4.875,55.92,44.366,10.43,58.412,78.0,31,5.032,25.484,46.69,5.389,25.484,46.544,0.146,59.569,71.916,1.987,2.0,2.0,triangular,1000000
Set 4.1 TF (low SP)_EV255,14.0,28,30.333,3.12,40.03,31.889,3.5,40.15,31.853,7.488,41.937,56.0,37,4.757,22.619,35.923,3.578,22.619,35.833,0.132,44.412,52.821,2.116,2.0,2.0,triangular,1000000
Set 4.1 TF (low SP)_EV256,18.5,37,40.083,4.44,52.9,42.139,4.625,53.05,42.091,9.896,55.417,74.0,53,4.811,25.542,43.982,5.141,25.542,43.777,0.216,56.544,67.871,2.566,2.0,2.0,triangular,1000000
Set 4.1 TF (low SP)_EV257,18.0,36,39.0,4.05,51.47,41.0,4.5,51.62,40.954,9.628,53.919,72.0,44,4.545,25.05,43.149,4.443,25.05,42.953,0.238,54.184,65.714,2.223,2.0,2.0,triangular,1000000
Set 4.1 TF (low SP)_EV258,19.5,39,42.25,4.49,55.76,44.417,4.875,55.92,44.366,10.43,58.412,78.0,56,4.768,27.019,45.609,5.465,27.019,45.398,0.219,58.91,70.293,2.514,2.0,2.0,triangular,1000000
Set 4.1 TF (low SP)_EV259,15.0,30,32.5,3.41,42.89,34.167,3.75,43.02,34.128,8.023,44.932,60.0,41,4.854,21.708,35.489,3.889,21.708,35.263,0.289,45.161,53.901,2.239,2.0,2.0,triangular,1000000
Set 4.1 TF (low SP)_EV260,18.5,37,40.083,3.99,52.9,42.139,4.625,53.05,42.091,9.896,55.417,74.0,53,4.755,25.997,43.363,4.81,25.997,43.177,0.212,55.097,65.759,2.525,2.0,2.0,triangular,1000000
Set 4.1 TF (low SP)_EV261,22.5,45,48.75,4.87,64.34,51.25,5.625,64.52,51.192,12.035,67.399,90.0,38,4.868,30.494,52.525,6.029,30.494,52.345,0.171,67.069,80.601,2.141,2.0,2.0,triangular,1000000
Set 4.1 TF (low SP)_EV262,17.5,35,37.917,3.94,50.04,39.861,4.375,50.19,39.816,9.361,52.421,70.0,47,4.787,23.824,40.842,4.906,23.824,40.682,0.173,52.6,64.003,2.363,2.0,2.0,triangular,1000000
Set 4.1 TF (low SP)_EV263,14.5,29,31.417,3.4,41.46,33.028,3.625,41.58,32.99,7.756,43.435,58.0,31,5.0,20.551,35.15,3.92,20.551,35.031,0.159,44.534,52.406,2.047,2.0,2.0,triangular,1000000
Set 4.1 TF (low SP)_EV264,18.5,37,40.083,4.04,52.9,42.139,4.625,53.05,42.091,9.896,55.417,74.0,59,4.627,25.289,43.186,5.003,25.289,43.021,0.178,55.244,65.949,2.629,2.0,2.0,triangular,1000000
Set 4.1 TF (low SP)_EV265,21.5,43,46.583,4.68,61.48,48.972,5.375,61.66,48.917,11.5,64.403,86.0,39,4.974,29.247,50.212,5.816,29.247,50.062,0.148,64.143,76.935,2.261,2.0,2.0,triangular,1000000
Set 4.1 TF (low SP)_EV266,19.5,39,42.25,4.32,55.76,44.417,4.875,55.92,44.366,10.43,58.412,78.0,41,4.78,26.773,46.253,5.212,26.773,46.117,0.141,58.707,69.966,2.205,2.0,2.0,triangular,1000000
Set 4.1 TF (low SP)_EV267,16.0,32,34.667,3.81,45.75,36.444,4.0,45.88,36.403,8.558,47.928,64.0,53,4.491,20.589,37.657,4.593,20.589,37.472,0.209,48.777,58.619,2.435,2.0,2.0,triangular,1000000
Set 4.1 TF (low SP)_EV268,14.5,29,31.417,3.53,41.46,33.028,3.625,41.58,32.99,7.756,43.435,58.0,59,4.593,20.636,34.472,3.967,20.636,34.217,0.312,44.413,53.451,2.621,2.0,2.0,triangular,1000000
Set 4.1 TF (low SP)_EV269,17.5,35,37.917,3.96,50.04,39.861,4.375,50.19,39.816,9.361,52.421,70.0,46,4.783,24.332,42.562,4.634,24.332,42.407,0.169,53.668,62.747,2.368,2.0,2.0,triangular,1000000
Set 4.1 TF (low SP)_EV270,17.0,34,36.833,3.81,48.61,38.722,4.25,48.75,38.678,9.093,50.923,68.0,50,4.82,23.071,39.754,4.707,23.071,39.615,0.16,51.039,61.761,2.5,2.0,2.0,triangular,1000000
Set 4.1 TF (low SP)_EV271,19.5,39,42.25,4.24,55.76,44.417,4.875,55.92,44.366,10.43,58.412,78.0,40,4.975,26.925,45.513,5.259,26.925,45.371,0.153,58.147,69.797,2.274,2.0,2.0,triangular,1000000
Set 4.1 TF (low SP)_EV272,16.0,32,34.667,3.76,45.75,36.444,4.0,45.88,36.403,8.558,47.928,64.0,45,4.667,22.62,39.273,4.177,22.62,39.123,0.193,49.475,57.95,2.281,2.0,2.0,triangular,1000000
Set 4.1 TF (low SP)_EV273,18.5,37,40.083,3.88,52.9,42.139,4.625,53.05,42.091,9.896,55.417,74.0,38,4.842,25.564,43.277,4.715,25.564,43.084,0.217,54.767,65.62,2.182,2.0,2.0,triangular,1000000
Set 4.1 TF (low SP)_EV274,15.5,31,33.583,3.96,44.32,35.306,3.875,44.45,35.266,8.291,46.43,62.0,38,4.711,22.163,37.706,4.436,22.163,37.481,0.266,48.77,58.639,2.099,2.0,2.0,triangular,1000000
Set 4.1 TF (low SP)_EV275,26.5,53,57.417,5.44,75.77,60.361,6.625,76.0,60.293,14.175,79.381,106.0,60,4.583,34.165,61.849,6.78,34.165,61.699,0.126,78.044,92.308,2.63,2.0,2.0,triangular,1000000
Set 4.1 TF (low SP)_EV276,21.0,42,45.5,4.78,60.05,47.833,5.25,60.22,47.779,11.233,62.905,84.0,36,4.722,28.362,49.078,5.912,28.362,48.905,0.168,63.324,78.638,2.093,2.0,2.0,triangular,1000000
Set 4.1 TF (low SP)_EV277,17.0,34,36.833,3.84,48.61,38.722,4.25,48.75,38.678,9.093,50.923,68.0,46,4.696,25.992,41.552,4.124,25.992,41.398,0.199,51.635,62.647,2.37,2.0,2.0,triangular,1000000
Set 4.1 TF (low SP)_EV278,21.0,42,45.5,4.6,60.05,47.833,5.25,60.22,47.779,11.233,62.905,84.0,40,4.9,29.576,49.134,5.579,29.576,48.903,0.218,62.721,74.917,2.218,2.0,2.0,triangular,1000000
Set 4.1 TF (low SP)_EV279,19.0,38,41.167,4.03,54.33,43.278,4.75,54.49,43.229,10.163,56.914,76.0,30,4.733,26.042,44.338,5.025,26.042,44.215,0.138,56.338,66.237,1.938,2.0,2.0,triangular,1000000
Set 4.1 TF (low SP)_EV280,18.5,37,40.083,3.99,52.9,42.139,4.625,53.05,42.091,9.896,55.417,74.0,38,4.868,27.417,45.034,4.417,27.417,44.907,0.16,55.702,65.567,2.203,2.0,2.0,triangular,1000000
Set 4.1 TF (low SP)_EV281,12.0,24,26.0,3.67,34.31,27.333,3.0,34.41,27.302,6.419,35.946,48.0,44,4.75,17.634,29.764,3.65,17.634,29.575,0.309,39.037,46.142,2.255,2.0,2.0,triangular,1000000
Set 4.1 TF (low SP)_EV282,19.0,38,41.167,4.4,54.33,43.278,4.75,54.49,43.229,10.163,56.914,76.0,45,4.778,25.404,44.994,5.217,25.404,44.821,0.181,57.598,69.32,2.343,2.0,2.0,triangular,1000000
Set 4.1 TF (low SP)_EV283,14.5,29,31.417,3.63,41.46,33.028,3.625,41.58,32.99,7.756,43.435,58.0,57,4.86,20.82,35.416,4.175,20.82,35.264,0.193,45.459,55.48,2.662,2.0,2.0,triangular,1000000
Set 4.1 TF (low SP)_EV284,13.0,26,28.167,3.18,37.17,29.611,3.25,37.28,29.578,6.954,38.941,52.0,43,4.674,19.382,31.828,3.545,19.382,31.667,0.223,40.422,47.434,2.271,2.0,2.0,triangular,1000000
Set 4.1 TF (low SP)_EV285,20.0,40,43.333,4.51,57.19,45.556,5.0,57.36,45.504,10.698,59.91,80.0,57,5.105,27.887,47.31,5.273,27.887,47.041,0.26,60.275,71.314,2.677,2.0,2.0,triangular,1000000
Set 4.1 TF (low SP)_EV286,19.5,39,42.25,4.16,55.76,44.417,4.875,55.92,44.366,10.43,58.412,78.0,38,4.842,27.787,45.779,4.982,27.787,45.584,0.208,57.919,69.948,2.173,2.0,2.0,triangular,1000000
Set 4.1 TF (low SP)_EV287,18.5,37,40.083,4.01,52.9,42.139,4.625,53.05,42.091,9.896,55.417,74.0,44,4.568,25.975,43.539,4.7,25.975,43.335,0.234,55.119,68.067,2.255,2.0,2.0,triangular,1000000
Set 4.1 TF (low SP)_EV288,13.5,27,29.25,3.15,38.6,30.75,3.375,38.71,30.715,7.221,40.439,54.0,39,4.795,19.849,32.957,3.564,19.849,32.841,0.171,41.534,49.235,2.175,2.0,2.0,triangular,1000000
Set 4.1 TF (low SP)_EV289,20.0,40,43.333,4.53,57.19,45.556,5.0,57.36,45.504,10.698,59.91,80.0,50,4.66,27.816,47.965,5.438,27.816,47.817,0.153,60.999,71.231,2.397,2.0,2.0,triangular,1000000
Set 4.1 TF (low SP)_EV290,19.5,39,42.25,4.19,55.76,44.417,4.875,55.92,44.366,10.43,58.412,78.0,45,4.667,26.174,45.837,5.102,26.174,45.699,0.146,58.045,69.021,2.314,2.0,2.0,triangular,1000000
Set 4.1 TF (low SP)_EV291,18.5,37,40.083,4.25,52.9,42.139,4.625,53.05,42.091,9.896,55.417,74.0,43,4.791,27.054,44.659,4.92,27.054,44.487,0.181,56.537,66.855,2.271,2.0,2.0,triangular,1000000
Set 4.1 TF (low SP)_EV292,12.5,25,27.083,3.68,35.74,28.472,3.125,35.85,28.44,6.686,37.444,50.0,35,4.714,19.252,31.039,3.509,19.252,30.75,0.429,40.224,47.888,2.089,2.0,2.0,triangular,1000000
Set 4.1 TF (low SP)_EV293,20.5,41,44.417,4.34,58.62,46.694,5.125,58.79,46.642,10.965,61.408,82.0,51,4.725,26.552,47.975,5.308,26.552,47.809,0.171,60.79,74.319,2.487,2.0,2.0,triangular,1000000
Set 4.1 TF (low SP)_EV294,19.0,38,41.167,4.27,54.33,43.278,4.75,54.49,43.229,10.163,56.914,76.0,61,4.689,27.166,45.842,5.093,27.166,45.693,0.158,58.046,68.494,2.697,2.0,2.0,triangular,1000000
Set 4.1 TF (low SP)_EV295,15.0,30,32.5,3.5,42.89,34.167,3.75,43.02,34.128,8.023,44.932,60.0,40,4.675,21.266,35.143,4.196,21.266,34.921,0.272,45.463,53.807,2.158,2.0,2.0,triangular,1000000
Set 4.1 TF (low SP)_EV296,17.5,35,37.917,3.93,50.04,39.861,4.375,50.19,39.816,9.361,52.421,70.0,46,4.674,26.048,42.561,4.382,26.048,42.402,0.194,53.228,62.546,2.335,2.0,2.0,triangular,1000000
Set 4.1 TF (low SP)_EV297,18.0,36,39.0,4.36,51.47,41.0,4.5,51.62,40.954,9.628,53.919,72.0,23,4.87,26.836,44.225,4.619,26.836,44.086,0.168,55.421,66.684,1.769,2.0,2.0,triangular,1000000
Set 4.1 TF (low SP)_EV298,14.5,29,31.417,3.15,41.46,33.028,3.625,41.58,32.99,7.756,43.435,58.0,57,4.93,22.931,35.989,3.405,22.931,35.869,0.182,44.218,51.515,2.68,2.0,2.0,triangular,1000000
Set 4.1 TF (low SP)_EV299,15.5,31,33.583,4.07,44.32,35.306,3.875,44.45,35.266,8.291,46.43,62.0,33,4.97,21.11,38.106,4.438,21.11,37.938,0.195,48.802,58.965,2.02,2.0,2.0,triangular,1000000
Set 4.1 TF (low SP)_EV300,15.0,30,32.5,3.89,42.89,34.167,3.75,43.02,34.128,8.023,44.932,60.0,48,4.625,20.594,35.608,4.449,20.594,35.381,0.268,46.623,56.36,2.374,2.0,2.0,triangular,1000000
Set 4.1 TF (low SP)_EV301,19.0,38,41.167,4.02,54.33,43.278,4.75,54.49,43.229,10.163,56.914,76.0,25,4.04,25.302,44.346,4.989,25.302,44.207,0.152,56.324,66.514,1.701,2.0,2.0,triangular,1000000
Set 4.1 TF (low SP)_EV302,21.5,43,46.583,4.56,61.48,48.972,5.375,61.66,48.917,11.5,64.403,86.0,27,4.037,26.519,50.167,5.692,26.519,50.023,0.134,63.801,75.682,1.75,2.0,2.0,triangular,1000000
Set 4.1 TF (low SP)_EV303,14.0,28,30.333,3.14,40.03,31.889,3.5,40.15,31.853,7.488,41.937,56.0,36,4.111,19.36,33.162,3.709,19.36,33.021,0.199,42.199,51.208,1.966,2.0,2.0,triangular,1000000
Set 4.1 TF (low SP)_EV304,15.0,30,32.5,3.81,42.89,34.167,3.75,43.02,34.128,8.023,44.932,60.0,25,4.12,21.036,35.747,4.379,21.036,35.546,0.237,46.433,55.653,1.72,2.0,2.0,triangular,1000000
Set 4.1 TF (low SP)_EV305,11.0,22,23.833,2.87,31.45,25.056,2.75,31.55,25.027,5.884,32.95,44.0,31,4.129,14.576,26.027,3.319,14.576,25.705,0.353,34.131,40.163,1.853,2.0,2.0,triangular,1000000
Set 4.1 TF (low SP)_EV306,20.5,41,44.417,4.59,58.62,46.694,5.125,58.79,46.642,10.965,61.408,82.0,31,4.129,28.656,49.022,5.596,28.656,48.898,0.126,62.336,73.079,1.826,2.0,2.0,triangular,1000000
Set 4.1 TF (low SP)_EV307,19.0,38,41.167,3.97,54.33,43.278,4.75,54.49,43.229,10.163,56.914,76.0,27,4.148,26.026,44.442,4.896,26.026,44.318,0.144,56.201,68.833,1.786,2.0,2.0,triangular,1000000
Set 4.1 TF (low SP)_EV308,16.5,33,35.75,3.86,47.18,37.583,4.125,47.32,37.541,8.826,49.426,66.0,25,4.04,21.192,38.498,4.824,21.192,38.35,0.158,50.034,59.926,1.658,2.0,2.0,triangular,1000000
Set 4.1 TF (low SP)_EV309,16.0,32,34.667,3.62,45.75,36.444,4.0,45.88,36.403,8.558,47.928,64.0,25,4.04,21.447,37.566,4.374,21.447,37.426,0.179,48.162,56.982,1.659,2.0,2.0,triangular,1000000
Set 4.1 TF (low SP)_EV310,9.0,18,19.5,2.09,25.73,20.5,2.25,25.81,20.477,4.814,26.959,36.0,26,4.115,14.404,22.751,2.212,14.404,22.695,0.139,28.054,33.11,1.762,2.0,2.0,triangular,1000000
Set 4.1 TF (low SP)_EV311,18.0,36,39.0,4.17,51.47,41.0,4.5,51.62,40.954,9.628,53.919,72.0,27,4.148,23.795,42.011,5.184,23.795,41.86,0.159,54.434,65.736,1.781,2.0,2.0,triangular,1000000
Set 4.1 TF (low SP)_EV312,12.5,25,27.083,2.95,35.74,28.472,3.125,35.85,28.44,6.686,37.444,50.0,27,4.111,16.536,29.243,3.622,16.536,29.116,0.195,37.994,45.539,1.728,2.0,2.0,triangular,1000000
Set 4.1 TF (low SP)_EV313,14.0,28,30.333,3.37,40.03,31.889,3.5,40.15,31.853,7.488,41.937,56.0,28,4.143,18.224,33.432,4.06,18.224,33.309,0.162,43.135,50.817,1.821,2.0,2.0,triangular,1000000
Set 4.1 TF (low SP)_EV314,19.5,39,42.25,4.32,55.76,44.417,4.875,55.92,44.366,10.43,58.412,78.0,28,4.107,25.013,45.518,5.373,25.013,45.37,0.15,58.42,71.617,1.782,2.0,2.0,triangular,1000000
Set 4.1 TF (low SP)_EV315,15.5,31,33.583,3.61,44.32,35.306,3.875,44.45,35.266,8.291,46.43,62.0,26,4.115,20.384,36.172,4.507,20.384,36.028,0.168,46.939,55.516,1.713,2.0,2.0,triangular,1000000
Set 4.1 TF (low SP)_EV316,12.5,25,27.083,3.63,35.74,28.472,3.125,35.85,28.44,6.686,37.444,50.0,29,4.138,16.936,30.35,4.086,16.936,30.132,0.253,40.336,47.631,1.804,2.0,2.0,triangular,1000000
Set 4.1 TF (low SP)_EV317,14.0,28,30.333,3.43,40.03,31.889,3.5,40.15,31.853,7.488,41.937,56.0,26,4.077,19.377,32.776,4.123,19.377,32.523,0.291,42.898,51.028,1.688,2.0,2.0,triangular,1000000
Set 4.1 TF (low SP)_EV318,13.5,27,29.25,3.29,38.6,30.75,3.375,38.71,30.715,7.221,40.439,54.0,25,4.12,18.392,31.935,3.887,18.392,31.775,0.205,41.33,49.191,1.732,2.0,2.0,triangular,1000000
Set 4.1 TF (low SP)_EV319,17.0,34,36.833,3.95,48.61,38.722,4.25,48.75,38.678,9.093,50.923,68.0,30,4.133,21.059,39.664,4.931,21.059,39.526,0.158,51.482,61.987,1.841,2.0,2.0,triangular,1000000
Set 4.1 TF (low SP)_EV320,23.0,46,49.833,4.73,65.77,52.389,5.75,65.96,52.33,12.303,68.896,92.0,25,4.12,30.964,53.669,5.904,30.964,53.537,0.126,67.803,80.138,1.704,2.0,2.0,triangular,1000000
Set 4.1 TF (low SP)_EV321,17.5,35,37.917,4.38,50.04,39.861,4.375,50.19,39.816,9.361,52.421,70.0,24,4.083,23.053,42.234,5.153,23.053,42.091,0.151,54.575,65.296,1.685,2.0,2.0,triangular,1000000
Set 4.1 TF (low SP)_EV322,14.5,29,31.417,3.36,41.46,33.028,3.625,41.58,32.99,7.756,43.435,58.0,28,4.071,19.634,34.183,3.929,19.634,34.0,0.244,43.88,51.639,1.784,2.0,2.0,triangular,1000000
Set 4.1 TF (low SP)_EV323,19.0,38,41.167,4.39,54.33,43.278,4.75,54.49,43.229,10.163,56.914,76.0,36,4.167,25.184,45.595,5.281,25.184,45.471,0.123,58.146,69.913,1.95,2.0,2.0,triangular,1000000
Set 4.1 TF (low SP)_EV324,14.5,29,31.417,3.56,41.46,33.028,3.625,41.58,32.99,7.756,43.435,58.0,25,3.92,19.201,33.876,4.376,19.201,33.677,0.237,44.475,52.289,1.702,2.0,2.0,triangular,1000000
Set 4.1 TF (low SP)_EV325,15.5,31,33.583,3.54,44.32,35.306,3.875,44.45,35.266,8.291,46.43,62.0,29,4.069,20.035,36.181,4.392,20.035,36.039,0.178,46.748,55.918,1.747,2.0,2.0,triangular,1000000
Set 4.1 TF (low SP)_EV326,22.5,45,48.75,4.79,64.34,51.25,5.625,64.52,51.192,12.035,67.399,90.0,27,4.074,30.662,52.525,5.932,30.662,52.364,0.157,66.777,79.142,1.751,2.0,2.0,triangular,1000000
Set 4.1 TF (low SP)_EV327,18.0,36,39.0,4.12,51.47,41.0,4.5,51.62,40.954,9.628,53.919,72.0,27,4.111,23.61,42.005,5.147,23.61,41.861,0.153,54.372,64.694,1.774,2.0,2.0,triangular,1000000
Set 4.1 TF (low SP)_EV328,21.5,43,46.583,4.84,61.48,48.972,5.375,61.66,48.917,11.5,64.403,86.0,30,4.133,26.847,50.163,6.044,26.847,49.995,0.147,64.633,79.842,1.824,2.0,2.0,triangular,1000000
Set 4.1 TF (low SP)_EV329,18.5,37,40.083,3.99,52.9,42.139,4.625,53.05,42.091,9.896,55.417,74.0,31,4.032,23.623,43.162,4.981,23.623,43.03,0.141,55.076,64.352,1.799,2.0,2.0,triangular,1000000
Set 4.1 TF (low SP)_EV330,10.0,20,21.667,3.08,28.59,22.778,2.5,28.68,22.752,5.349,29.955,40.0,23,4.043,14.435,24.168,3.186,14.435,23.815,0.489,32.478,38.878,1.651,2.0,2.0,triangular,1000000
Set 4.1 TF (low SP)_EV331,19.5,39,42.25,4.24,55.76,44.417,4.875,55.92,44.366,10.43,58.412,78.0,28,4.036,25.092,45.501,5.276,25.092,45.359,0.145,58.13,69.819,1.732,2.0,2.0,triangular,1000000
Set 4.1 TF (low SP)_EV332,19.0,38,41.167,3.95,54.33,43.278,4.75,54.49,43.229,10.163,56.914,76.0,27,4.148,25.405,44.327,4.929,25.405,44.21,0.133,56.123,66.672,1.777,2.0,2.0,triangular,1000000
Set 4.1 TF (low SP)_EV333,13.5,27,29.25,3.07,38.6,30.75,3.375,38.71,30.715,7.221,40.439,54.0,28,4.107,19.366,32.392,3.626,19.366,32.269,0.172,41.05,48.172,1.757,2.0,2.0,triangular,1000000
Set 4.1 TF (low SP)_EV334,15.0,30,32.5,3.39,42.89,34.167,3.75,43.02,34.128,8.023,44.932,60.0,27,4.074,19.861,35.001,4.226,19.861,34.875,0.159,45.125,53.762,1.723,2.0,2.0,triangular,1000000
Set 4.1 TF (low SP)_EV335,17.5,35,37.917,4.22,50.04,39.861,4.375,50.19,39.816,9.361,52.421,70.0,28,4.107,22.581,40.845,5.269,22.581,40.682,0.163,53.459,64.606,1.769,2.0,2.0,triangular,1000000
Set 4.1 TF (low SP)_EV336,12.0,24,26.0,3.2,34.31,27.333,3.0,34.41,27.302,6.419,35.946,48.0,24,4.042,15.395,28.1,3.869,15.395,27.84,0.285,37.518,44.704,1.68,2.0,2.0,triangular,1000000
Set 4.1 TF (low SP)_EV337,18.0,36,39.0,4.02,51.47,41.0,4.5,51.62,40.954,9.628,53.919,72.0,23,4.043,24.0,42.023,4.982,24.0,41.868,0.166,54.001,64.557,1.685,2.0,2.0,triangular,1000000
Set 4.1 TF (low SP)_EV338,15.0,30,32.5,3.74,42.89,34.167,3.75,43.02,34.128,8.023,44.932,60.0,25,3.88,19.432,34.998,4.656,19.432,34.842,0.182,46.18,55.198,1.644,2.0,2.0,triangular,1000000
Set 4.1 TF (low SP)_EV339,16.5,33,35.75,3.75,47.18,37.583,4.125,47.32,37.541,8.826,49.426,66.0,35,4.143,22.845,38.737,4.56,22.845,38.581,0.181,49.699,58.84,1.932,2.0,2.0,triangular,1000000
Set 4.1 TF (low SP)_EV340,15.0,30,32.5,3.76,42.89,34.167,3.75,43.02,34.128,8.023,44.932,60.0,24,4.0,21.301,36.73,3.959,21.301,36.553,0.24,46.494,55.471,1.689,2.0,2.0,triangular,1000000
Set 4.1 TF (low SP)_EV341,17.0,34,36.833,3.87,48.61,38.722,4.25,48.75,38.678,9.093,50.923,68.0,24,4.167,22.643,39.735,4.777,22.643,39.567,0.181,51.218,61.405,1.696,2.0,2.0,triangular,1000000
Set 4.1 TF (low SP)_EV342,12.5,25,27.083,2.77,35.74,28.472,3.125,35.85,28.44,6.686,37.444,50.0,27,4.111,17.654,29.353,3.308,17.654,29.214,0.225,37.458,44.048,1.715,2.0,2.0,triangular,1000000
Set 4.1 TF (low SP)_EV343,11.5,23,24.917,3.44,32.88,26.194,2.875,32.98,26.165,6.151,34.448,46.0,24,4.167,16.695,29.183,3.514,16.695,29.016,0.201,37.534,43.229,1.695,2.0,2.0,triangular,1000000
Set 4.1 TF (low SP)_EV344,16.5,33,35.75,3.86,47.18,37.583,4.125,47.32,37.541,8.826,49.426,66.0,24,4.167,20.867,38.51,4.813,20.867,38.366,0.164,50.052,59.842,1.696,2.0,2.0,triangular,1000000
Set 4.1 TF (low SP)_EV345,19.5,39,42.25,4.31,55.76,44.417,4.875,55.92,44.366,10.43,58.412,78.0,29,4.034,24.851,45.491,5.366,24.851,45.349,0.144,58.335,69.132,1.758,2.0,2.0,triangular,1000000
Set 4.1 TF (low SP)_EV346,17.5,35,37.917,3.82,50.04,39.861,4.375,50.19,39.816,9.361,52.421,70.0,31,4.097,23.255,40.891,4.711,23.255,40.76,0.156,52.188,62.513,1.807,2.0,2.0,triangular,1000000
Set 4.1 TF (low SP)_EV347,18.5,37,40.083,4.1,52.9,42.139,4.625,53.05,42.091,9.896,55.417,74.0,25,4.08,23.386,43.165,5.108,23.386,43.021,0.155,55.387,66.484,1.712,2.0,2.0,triangular,1000000
Set 4.1 TF (low SP)_EV348,16.0,32,34.667,3.61,45.75,36.444,4.0,45.88,36.403,8.558,47.928,64.0,29,4.103,20.129,37.341,4.487,20.129,37.207,0.163,48.084,57.902,1.765,2.0,2.0,triangular,1000000
Set 4.1 TF (low SP)_EV349,19.5,39,42.25,4.24,55.76,44.417,4.875,55.92,44.366,10.43,58.412,78.0,26,4.0,25.682,45.644,5.178,25.682,45.49,0.166,58.114,68.185,1.707,2.0,2.0,triangular,1000000
Set 4.1 TF (low SP)_EV350,20.5,41,44.417,4.55,58.62,46.694,5.125,58.79,46.642,10.965,61.408,82.0,25,4.08,25.982,47.841,5.674,25.982,47.698,0.141,61.44,74.253,1.704,2.0,2.0,triangular,1000000
Set 4.1 TF (low SP)_EV351,12.5,25,27.083,2.93,35.74,28.472,3.125,35.85,28.44,6.686,37.444,50.0,26,4.077,18.167,29.63,3.317,18.167,29.47,0.266,37.903,45.574,1.719,2.0,2.0,triangular,1000000
Set 4.1 TF (low SP)_EV352,20.0,40,43.333,4.3,57.19,45.556,5.0,57.36,45.504,10.698,59.91,80.0,28,4.143,26.941,46.67,5.358,26.941,46.531,0.142,59.455,72.165,1.778,2.0,2.0,triangular,1000000
Set 4.1 TF (low SP)_EV353,16.0,32,34.667,3.61,45.75,36.444,4.0,45.88,36.403,8.558,47.928,64.0,23,4.087,21.59,37.434,4.422,21.59,37.28,0.188,48.108,57.026,1.653,2.0,2.0,triangular,1000000
Set 4.1 TF (low SP)_EV354,22.0,44,47.667,4.54,62.91,50.111,5.5,63.09,50.054,11.768,65.901,88.0,33,4.091,28.716,51.329,5.668,28.716,51.198,0.132,64.91,78.198,1.89,2.0,2.0,triangular,1000000
Set 4.1 TF (low SP)_EV355,17.0,34,36.833,4.12,48.61,38.722,4.25,48.75,38.678,9.093,50.923,68.0,25,4.16,21.904,39.718,5.104,21.904,39.546,0.18,52.017,62.562,1.722,2.0,2.0,triangular,1000000
Set 4.1 TF (low SP)_EV356,16.0,32,34.667,3.71,45.75,36.444,4.0,45.88,36.403,8.558,47.928,64.0,26,4.115,21.345,37.333,4.619,21.345,37.191,0.168,48.399,58.848,1.734,2.0,2.0,triangular,1000000
Set 4.1 TF (low SP)_EV357,17.5,35,37.917,4.12,50.04,39.861,4.375,50.19,39.816,9.361,52.421,70.0,25,4.0,23.732,40.98,5.011,23.732,40.795,0.2,53.13,65.501,1.678,2.0,2.0,triangular,1000000
Set 4.1 TF (low SP)_EV358,14.0,28,30.333,3.69,40.03,31.889,3.5,40.15,31.853,7.488,41.937,56.0,25,4.12,18.521,32.832,4.46,18.521,32.607,0.257,43.731,51.907,1.696,2.0,2.0,triangular,1000000
Set 4.1 TF (low SP)_EV359,18.5,37,40.083,3.9,52.9,42.139,4.625,53.05,42.091,9.896,55.417,74.0,24,4.208,24.515,43.165,4.857,24.515,43.047,0.134,54.801,67.088,1.719,2.0,2.0,triangular,1000000
Set 4.1 TF (low SP)_EV360,21.0,42,45.5,4.51,60.05,47.833,5.25,60.22,47.779,11.233,62.905,84.0,23,4.087,26.904,48.994,5.624,26.904,48.855,0.138,62.438,76.763,1.63,2.0,2.0,triangular,1000000
Set 4.1 TF (low SP)_EV361,20.5,41,44.417,4.45,58.62,46.694,5.125,58.79,46.642,10.965,61.408,82.0,25,4.16,27.448,47.903,5.511,27.448,47.748,0.152,61.112,73.528,1.715,2.0,2.0,triangular,1000000
Set 4.1 TF (low SP)_EV362,15.5,31,33.583,3.72,44.32,35.306,3.875,44.45,35.266,8.291,46.43,62.0,31,4.097,20.92,36.247,4.569,20.92,36.058,0.215,47.282,56.346,1.801,2.0,2.0,triangular,1000000
Set 4.1 TF (low SP)_EV363,15.5,31,33.583,4.09,44.32,35.306,3.875,44.45,35.266,8.291,46.43,62.0,23,4.174,20.317,37.021,4.893,20.317,36.891,0.151,48.684,57.421,1.669,2.0,2.0,triangular,1000000
Set 4.1 TF (low SP)_EV364,15.0,30,32.5,3.46,42.89,34.167,3.75,43.02,34.128,8.023,44.932,60.0,26,4.038,19.894,35.014,4.301,19.894,34.876,0.167,45.335,53.465,1.681,2.0,2.0,triangular,1000000
Set 4.1 TF (low SP)_EV365,15.0,30,32.5,3.43,42.89,34.167,3.75,43.02,34.128,8.023,44.932,60.0,27,4.074,20.179,35.001,4.271,20.179,34.872,0.167,45.237,53.558,1.752,2.0,2.0,triangular,1000000
Set 4.1 TF (low SP)_EV366,15.5,31,33.583,3.94,44.32,35.306,3.875,44.45,35.266,8.291,46.43,62.0,28,4.071,21.556,37.078,4.327,21.556,36.821,0.303,47.943,57.543,1.771,2.0,2.0,triangular,1000000
Set 4.1 TF (low SP)_EV367,16.5,33,35.75,3.56,47.18,37.583,4.125,47.32,37.541,8.826,49.426,66.0,27,4.148,22.328,38.497,4.439,22.328,38.38,0.144,49.098,58.752,1.74,2.0,2.0,triangular,1000000
Set 4.1 TF (low SP)_EV368,17.0,34,36.833,3.79,48.61,38.722,4.25,48.75,38.678,9.093,50.923,68.0,21,4.048,22.833,39.679,4.721,22.833,39.558,0.15,50.998,62.1,1.638,2.0,2.0,triangular,1000000
Set 4.1 TF (low SP)_EV369,11.0,22,23.833,3.26,31.45,25.056,2.75,31.55,25.027,5.884,32.95,44.0,27,4.074,16.255,27.122,3.148,16.255,26.9,0.401,35.418,41.676,1.761,2.0,2.0,triangular,1000000
Set 4.1 TF (low SP)_EV370,18.0,36,39.0,4.02,51.47,41.0,4.5,51.62,40.954,9.628,53.919,72.0,23,4.043,22.344,42.003,5.011,22.344,41.866,0.151,54.018,63.977,1.678,2.0,2.0,triangular,1000000
Set 4.1 TF (low SP)_EV371,20.5,41,44.417,4.38,58.62,46.694,5.125,58.79,46.642,10.965,61.408,82.0,23,4.174,24.894,47.899,5.416,24.894,47.738,0.158,60.88,74.163,1.699,2.0,2.0,triangular,1000000
Set 4.1 TF (low SP)_EV372,15.5,31,33.583,3.51,44.32,35.306,3.875,44.45,35.266,8.291,46.43,62.0,23,4.087,20.678,36.517,4.2,20.678,36.378,0.177,46.675,54.983,1.633,2.0,2.0,triangular,1000000
Set 4.1 TF (low SP)_EV373,18.0,36,39.0,3.87,51.47,41.0,4.5,51.62,40.954,9.628,53.919,72.0,26,4.115,23.78,42.003,4.825,23.78,41.881,0.14,53.517,63.253,1.699,2.0,2.0,triangular,1000000
Set 4.1 TF (low SP)_EV374,25.0,50,54.167,5.33,71.48,56.944,6.25,71.69,56.88,13.372,74.887,100.0,29,4.069,33.376,58.332,6.651,33.376,58.185,0.13,74.21,89.007,1.798,2.0,2.0,triangular,1000000
Set 4.1 TF (low SP)_EV375,19.0,38,41.167,4.27,54.33,43.278,4.75,54.49,43.229,10.163,56.914,76.0,28,4.107,24.35,44.331,5.323,24.35,44.177,0.156,57.075,68.051,1.749,2.0,2.0,triangular,1000000
Set 4.1 TF (low SP)_EV376,19.5,39,42.25,4.24,55.76,44.417,4.875,55.92,44.366,10.43,58.412,78.0,22,4.045,25.742,45.5,5.28,25.742,45.367,0.14,58.124,68.939,1.627,2.0,2.0,triangular,1000000
Set 4.1 TF (low SP)_EV377,19.5,39,42.25,4.12,55.76,44.417,4.875,55.92,44.366,10.43,58.412,78.0,28,4.107,26.041,45.519,5.123,26.041,45.38,0.144,57.789,69.614,1.755,2.0,2.0,triangular,1000000
Set 4.1 TF (low SP)_EV378,18.0,36,39.0,3.86,51.47,41.0,4.5,51.62,40.954,9.628,53.919,72.0,25,4.16,24.253,42.01,4.802,24.253,41.888,0.145,53.512,64.94,1.688,2.0,2.0,triangular,1000000
Set 4.1 TF (low SP)_EV379,18.0,36,39.0,3.87,51.47,41.0,4.5,51.62,40.954,9.628,53.919,72.0,24,4.125,24.273,42.007,4.828,24.273,41.887,0.137,53.551,64.964,1.689,2.0,2.0,triangular,1000000
Set 4.1 TF (low SP)_EV380,15.0,30,32.5,3.39,42.89,34.167,3.75,43.02,34.128,8.023,44.932,60.0,28,4.107,19.541,35.038,4.176,19.541,34.892,0.186,45.112,53.781,1.79,2.0,2.0,triangular,1000000
Set 4.1 TF (low SP)_EV381,11.5,23,24.917,2.95,32.88,26.194,2.875,32.98,26.165,6.151,34.448,46.0,30,4.1,15.788,27.163,3.561,15.788,26.935,0.242,35.576,41.652,1.822,2.0,2.0,triangular,1000000
Set 4.1 TF (low SP)_EV382,19.0,38,41.167,4.11,54.33,43.278,4.75,54.49,43.229,10.163,56.914,76.0,23,4.087,25.223,44.364,5.081,25.223,44.202,0.173,56.604,67.154,1.699,2.0,2.0,triangular,1000000
Set 4.1 TF (low SP)_EV383,13.5,27,29.25,3.54,38.6,30.75,3.375,38.71,30.715,7.221,40.439,54.0,28,4.071,18.108,31.914,4.211,18.108,31.72,0.232,42.116,49.118,1.758,2.0,2.0,triangular,1000000
Set 4.1 TF (low SP)_EV384,21.0,42,45.5,4.74,60.05,47.833,5.25,60.22,47.779,11.233,62.905,84.0,29,4.138,28.128,49.055,5.869,28.128,48.887,0.163,63.204,74.991,1.79,2.0,2.0,triangular,1000000
Set 4.1 TF (low SP)_EV385,18.5,37,40.083,4.22,52.9,42.139,4.625,53.05,42.091,9.896,55.417,74.0,32,4.125,24.921,43.289,5.21,24.921,43.124,0.169,55.802,66.724,1.857,2.0,2.0,triangular,1000000
Set 4.1 TF (low SP)_EV386,19.0,38,41.167,4.43,54.33,43.278,4.75,54.49,43.229,10.163,56.914,76.0,29,4.138,24.282,44.332,5.528,24.282,44.189,0.154,57.596,68.553,1.749,2.0,2.0,triangular,1000000
Set 4.1 TF (low SP)_EV387,15.5,31,33.583,3.4,44.32,35.306,3.875,44.45,35.266,8.291,46.43,62.0,25,4.08,20.025,36.168,4.235,20.025,36.05,0.152,46.302,56.762,1.714,2.0,2.0,triangular,1000000
Set 4.1 TF (low SP)_EV388,16.5,33,35.75,3.88,47.18,37.583,4.125,47.32,37.541,8.826,49.426,66.0,27,4.074,19.905,38.501,4.837,19.905,38.347,0.165,50.063,58.498,1.735,2.0,2.0,triangular,1000000
Set 4.1 TF (low SP)_EV389,20.0,40,43.333,4.17,57.19,45.556,5.0,57.36,45.504,10.698,59.91,80.0,29,4.138,27.339,46.669,5.203,27.339,46.541,0.13,59.114,71.819,1.819,2.0,2.0,triangular,1000000
Set 4.1 TF (low SP)_EV390,19.0,38,41.167,4.14,54.33,43.278,4.75,54.49,43.229,10.163,56.914,76.0,27,4.148,25.52,44.329,5.16,25.52,44.199,0.144,56.718,68.49,1.745,2.0,2.0,triangular,1000000
Set 4.1 TF (low SP)_EV391,10.0,20,21.667,2.65,28.59,22.778,2.5,28.68,22.752,5.349,29.955,40.0,27,4.222,15.21,25.204,2.838,15.21,25.094,0.181,31.935,37.627,1.787,2.0,2.0,triangular,1000000
Set 4.1 TF (low SP)_EV392,17.5,35,37.917,3.93,50.04,39.861,4.375,50.19,39.816,9.361,52.421,70.0,24,4.083,23.857,40.944,4.776,23.857,40.752,0.212,52.582,62.939,1.732,2.0,2.0,triangular,1000000
Set 4.1 TF (low SP)_EV393,10.0,20,21.667,3.54,28.59,22.778,2.5,28.68,22.752,5.349,29.955,40.0,30,4.133,14.438,24.655,3.496,14.438,24.292,0.496,33.916,39.416,1.863,2.0,2.0,triangular,1000000
Set 4.1 TF (low SP)_EV394,17.0,34,36.833,4.0,48.61,38.722,4.25,48.75,38.678,9.093,50.923,68.0,25,4.12,21.739,39.732,4.949,21.739,39.576,0.165,51.618,61.538,1.715,2.0,2.0,triangular,1000000
Set 4.1 TF (low SP)_EV395,15.0,30,32.5,3.59,42.89,34.167,3.75,43.02,34.128,8.023,44.932,60.0,30,4.1,19.872,35.003,4.465,19.872,34.841,0.188,45.712,54.622,1.827,2.0,2.0,triangular,1000000
Set 4.1 TF (low SP)_EV396,22.5,45,48.75,4.85,64.34,51.25,5.625,64.52,51.192,12.035,67.399,90.0,30,4.133,29.866,52.504,6.053,29.866,52.347,0.141,67.027,81.253,1.834,2.0,2.0,triangular,1000000
Set 4.1 TF (low SP)_EV397,16.0,32,34.667,3.82,45.75,36.444,4.0,45.88,36.403,8.558,47.928,64.0,34,4.088,20.177,37.333,4.769,20.177,37.182,0.166,48.746,58.346,1.911,2.0,2.0,triangular,1000000
Set 4.1 TF (low SP)_EV398,17.0,34,36.833,3.94,48.61,38.722,4.25,48.75,38.678,9.093,50.923,68.0,27,4.074,22.11,39.668,4.909,22.11,39.535,0.15,51.419,61.742,1.754,2.0,2.0,triangular,1000000
Set 4.1 TF (low SP)_EV399,15.0,30,32.5,3.26,42.89,34.167,3.75,43.02,34.128,8.023,44.932,60.0,25,4.12,20.333,35.013,4.046,20.333,34.887,0.17,44.733,53.398,1.71,2.0,2.0,triangular,1000000
Set 4.1 TF (low SP)_EV400,16.0,32,34.667,3.84,45.75,36.444,4.0,45.88,36.403,8.558,47.928,64.0,23,4.043,20.247,37.329,4.789,20.247,37.171,0.171,48.81,57.916,1.641,2.0,2.0,triangular,1000000
